2026/05/04 14:36:01.707, 68.17 W, 345 MHz, 1593 MHz, 19
2026/05/04 14:36:01.919, 68.21 W, 345 MHz, 1593 MHz, 19
2026/05/04 14:36:02.119, 68.22 W, 345 MHz, 1593 MHz, 19
2026/05/04 14:36:02.319, 68.20 W, 345 MHz, 1593 MHz, 19
2026/05/04 14:36:02.519, 68.22 W, 345 MHz, 1593 MHz, 19
2026/05/04 14:36:02.719, 68.25 W, 345 MHz, 1593 MHz, 19
2026/05/04 14:36:02.920, 68.22 W, 345 MHz, 1593 MHz, 19
2026/05/04 14:36:03.120, 68.21 W, 345 MHz, 1593 MHz, 19
2026/05/04 14:36:03.320, 68.25 W, 345 MHz, 1593 MHz, 19
2026/05/04 14:36:03.520, 68.24 W, 345 MHz, 1593 MHz, 19
2026/05/04 14:36:03.720, 68.23 W, 345 MHz, 1593 MHz, 19
2026/05/04 14:36:03.920, 68.28 W, 345 MHz, 1593 MHz, 19
2026/05/04 14:36:04.120, 68.25 W, 345 MHz, 1593 MHz, 19
2026/05/04 14:36:04.320, 68.21 W, 345 MHz, 1593 MHz, 19
2026/05/04 14:36:04.520, 68.23 W, 345 MHz, 1593 MHz, 19
2026/05/04 14:36:04.720, 68.19 W, 345 MHz, 1593 MHz, 19
2026/05/04 14:36:04.920, 68.17 W, 345 MHz, 1593 MHz, 19
2026/05/04 14:36:05.120, 68.19 W, 345 MHz, 1593 MHz, 19
2026/05/04 14:36:05.320, 68.16 W, 345 MHz, 1593 MHz, 19
2026/05/04 14:36:05.520, 68.17 W, 345 MHz, 1593 MHz, 19
2026/05/04 14:36:05.720, 68.17 W, 345 MHz, 1593 MHz, 19
2026/05/04 14:36:05.920, 68.16 W, 345 MHz, 1593 MHz, 19
2026/05/04 14:36:06.121, 68.19 W, 345 MHz, 1593 MHz, 19
2026/05/04 14:36:06.321, 68.20 W, 345 MHz, 1593 MHz, 19
2026/05/04 14:36:06.521, 68.18 W, 345 MHz, 1593 MHz, 19
2026/05/04 14:36:06.721, 68.17 W, 345 MHz, 1593 MHz, 19
2026/05/04 14:36:06.921, 68.24 W, 345 MHz, 1593 MHz, 19
2026/05/04 14:36:07.121, 68.19 W, 345 MHz, 1593 MHz, 19
2026/05/04 14:36:07.321, 68.19 W, 345 MHz, 1593 MHz, 19
2026/05/04 14:36:07.521, 68.22 W, 345 MHz, 1593 MHz, 19
2026/05/04 14:36:07.721, 68.16 W, 345 MHz, 1593 MHz, 19
2026/05/04 14:36:07.921, 68.17 W, 345 MHz, 1593 MHz, 19
2026/05/04 14:36:08.121, 68.14 W, 345 MHz, 1593 MHz, 19
2026/05/04 14:36:08.321, 68.14 W, 345 MHz, 1593 MHz, 19
2026/05/04 14:36:08.521, 68.16 W, 345 MHz, 1593 MHz, 19
2026/05/04 14:36:08.721, 68.18 W, 345 MHz, 1593 MHz, 19
2026/05/04 14:36:08.921, 68.17 W, 345 MHz, 1593 MHz, 19
2026/05/04 14:36:09.122, 68.15 W, 345 MHz, 1593 MHz, 19
2026/05/04 14:36:09.322, 68.19 W, 345 MHz, 1593 MHz, 19
2026/05/04 14:36:09.522, 68.16 W, 345 MHz, 1593 MHz, 19
2026/05/04 14:36:09.722, 68.22 W, 345 MHz, 1593 MHz, 19
2026/05/04 14:36:09.922, 68.19 W, 345 MHz, 1593 MHz, 19
2026/05/04 14:36:10.122, 68.20 W, 345 MHz, 1593 MHz, 19
2026/05/04 14:36:10.322, 68.20 W, 345 MHz, 1593 MHz, 19
2026/05/04 14:36:10.522, 68.18 W, 345 MHz, 1593 MHz, 19
2026/05/04 14:36:10.722, 68.15 W, 345 MHz, 1593 MHz, 19
2026/05/04 14:36:10.922, 68.15 W, 345 MHz, 1593 MHz, 19
2026/05/04 14:36:11.122, 68.21 W, 345 MHz, 1593 MHz, 19
2026/05/04 14:36:11.322, 68.17 W, 345 MHz, 1593 MHz, 19
2026/05/04 14:36:11.522, 68.20 W, 345 MHz, 1593 MHz, 19
2026/05/04 14:36:11.722, 68.23 W, 345 MHz, 1593 MHz, 19
2026/05/04 14:36:11.922, 68.22 W, 345 MHz, 1593 MHz, 19
2026/05/04 14:36:12.123, 68.22 W, 345 MHz, 1593 MHz, 19
2026/05/04 14:36:12.323, 68.18 W, 345 MHz, 1593 MHz, 19
2026/05/04 14:36:12.523, 68.17 W, 345 MHz, 1593 MHz, 19
2026/05/04 14:36:12.723, 68.19 W, 345 MHz, 1593 MHz, 19
2026/05/04 14:36:12.923, 68.19 W, 345 MHz, 1593 MHz, 19
2026/05/04 14:36:13.123, 68.19 W, 345 MHz, 1593 MHz, 19
2026/05/04 14:36:13.323, 68.18 W, 345 MHz, 1593 MHz, 19
2026/05/04 14:36:13.523, 68.22 W, 345 MHz, 1593 MHz, 19
2026/05/04 14:36:13.723, 68.17 W, 345 MHz, 1593 MHz, 19
2026/05/04 14:36:13.923, 68.18 W, 345 MHz, 1593 MHz, 19
2026/05/04 14:36:14.123, 68.22 W, 345 MHz, 1593 MHz, 19
2026/05/04 14:36:14.323, 68.19 W, 345 MHz, 1593 MHz, 19
2026/05/04 14:36:14.523, 68.20 W, 345 MHz, 1593 MHz, 19
2026/05/04 14:36:14.723, 68.21 W, 345 MHz, 1593 MHz, 19
2026/05/04 14:36:14.923, 68.18 W, 345 MHz, 1593 MHz, 19
2026/05/04 14:36:15.123, 68.22 W, 345 MHz, 1593 MHz, 19
2026/05/04 14:36:15.324, 68.22 W, 345 MHz, 1593 MHz, 19
2026/05/04 14:36:15.524, 68.19 W, 345 MHz, 1593 MHz, 19
2026/05/04 14:36:15.724, 68.21 W, 345 MHz, 1593 MHz, 19
2026/05/04 14:36:15.924, 68.24 W, 345 MHz, 1593 MHz, 19
2026/05/04 14:36:16.124, 68.21 W, 345 MHz, 1593 MHz, 19
2026/05/04 14:36:16.324, 68.19 W, 345 MHz, 1593 MHz, 19
2026/05/04 14:36:16.524, 68.21 W, 345 MHz, 1593 MHz, 19
2026/05/04 14:36:16.724, 68.16 W, 345 MHz, 1593 MHz, 19
2026/05/04 14:36:16.924, 68.16 W, 345 MHz, 1593 MHz, 19
2026/05/04 14:36:17.124, 68.21 W, 345 MHz, 1593 MHz, 19
2026/05/04 14:36:17.324, 68.18 W, 345 MHz, 1593 MHz, 19
2026/05/04 14:36:17.524, 68.20 W, 345 MHz, 1593 MHz, 19
2026/05/04 14:36:17.724, 68.23 W, 345 MHz, 1593 MHz, 19
2026/05/04 14:36:17.924, 68.19 W, 345 MHz, 1593 MHz, 19
2026/05/04 14:36:18.124, 68.22 W, 345 MHz, 1593 MHz, 19
2026/05/04 14:36:18.325, 68.20 W, 345 MHz, 1593 MHz, 19
2026/05/04 14:36:18.525, 68.17 W, 345 MHz, 1593 MHz, 19
2026/05/04 14:36:18.725, 68.20 W, 345 MHz, 1593 MHz, 19
2026/05/04 14:36:18.925, 68.20 W, 345 MHz, 1593 MHz, 19
2026/05/04 14:36:19.125, 68.19 W, 345 MHz, 1593 MHz, 19
2026/05/04 14:36:19.325, 68.21 W, 172 MHz, 1593 MHz, 19
2026/05/04 14:36:19.525, 68.24 W, 345 MHz, 1593 MHz, 19
2026/05/04 14:36:19.725, 68.18 W, 345 MHz, 1593 MHz, 19
2026/05/04 14:36:19.925, 68.18 W, 345 MHz, 1593 MHz, 19
2026/05/04 14:36:20.125, 68.22 W, 345 MHz, 1593 MHz, 19
2026/05/04 14:36:20.325, 68.18 W, 345 MHz, 1593 MHz, 19
2026/05/04 14:36:20.525, 68.21 W, 345 MHz, 1593 MHz, 19
2026/05/04 14:36:20.725, 68.25 W, 345 MHz, 1593 MHz, 19
2026/05/04 14:36:20.925, 68.24 W, 345 MHz, 1593 MHz, 19
2026/05/04 14:36:21.125, 68.22 W, 345 MHz, 1593 MHz, 19
2026/05/04 14:36:21.325, 68.22 W, 345 MHz, 1593 MHz, 19
2026/05/04 14:36:21.526, 68.18 W, 345 MHz, 1593 MHz, 19
2026/05/04 14:36:21.726, 68.19 W, 345 MHz, 1593 MHz, 19
2026/05/04 14:36:21.926, 68.21 W, 345 MHz, 1593 MHz, 19
2026/05/04 14:36:22.126, 68.17 W, 345 MHz, 1593 MHz, 19
2026/05/04 14:36:22.326, 68.20 W, 345 MHz, 1593 MHz, 19
2026/05/04 14:36:22.526, 68.22 W, 345 MHz, 1593 MHz, 19
2026/05/04 14:36:22.726, 68.17 W, 345 MHz, 1593 MHz, 19
2026/05/04 14:36:22.926, 68.20 W, 345 MHz, 1593 MHz, 19
2026/05/04 14:36:23.126, 68.22 W, 345 MHz, 1593 MHz, 19
2026/05/04 14:36:23.326, 68.19 W, 345 MHz, 1593 MHz, 19
2026/05/04 14:36:23.526, 68.19 W, 345 MHz, 1593 MHz, 19
2026/05/04 14:36:23.726, 68.23 W, 345 MHz, 1593 MHz, 19
2026/05/04 14:36:23.926, 68.19 W, 345 MHz, 1593 MHz, 19
2026/05/04 14:36:24.126, 68.20 W, 345 MHz, 1593 MHz, 19
2026/05/04 14:36:24.326, 68.21 W, 345 MHz, 1593 MHz, 19
2026/05/04 14:36:24.526, 68.19 W, 345 MHz, 1593 MHz, 19
2026/05/04 14:36:24.727, 68.20 W, 345 MHz, 1593 MHz, 19
2026/05/04 14:36:24.927, 68.23 W, 345 MHz, 1593 MHz, 19
2026/05/04 14:36:25.127, 68.19 W, 345 MHz, 1593 MHz, 19
2026/05/04 14:36:25.327, 68.21 W, 345 MHz, 1593 MHz, 19
2026/05/04 14:36:25.527, 68.24 W, 345 MHz, 1593 MHz, 19
2026/05/04 14:36:25.727, 68.18 W, 345 MHz, 1593 MHz, 19
2026/05/04 14:36:25.927, 68.20 W, 345 MHz, 1593 MHz, 19
2026/05/04 14:36:26.127, 68.24 W, 345 MHz, 1593 MHz, 19
2026/05/04 14:36:26.327, 68.19 W, 345 MHz, 1593 MHz, 19
2026/05/04 14:36:26.527, 68.24 W, 345 MHz, 1593 MHz, 19
2026/05/04 14:36:26.727, 68.23 W, 345 MHz, 1593 MHz, 19
2026/05/04 14:36:26.927, 68.18 W, 345 MHz, 1593 MHz, 19
2026/05/04 14:36:27.127, 68.18 W, 345 MHz, 1593 MHz, 19
2026/05/04 14:36:27.327, 68.23 W, 345 MHz, 1593 MHz, 19
2026/05/04 14:36:27.527, 68.17 W, 345 MHz, 1593 MHz, 19
2026/05/04 14:36:27.728, 68.20 W, 345 MHz, 1593 MHz, 19
2026/05/04 14:36:27.928, 68.26 W, 345 MHz, 1593 MHz, 19
2026/05/04 14:36:28.128, 68.22 W, 345 MHz, 1593 MHz, 19
2026/05/04 14:36:28.328, 68.24 W, 345 MHz, 1593 MHz, 19
2026/05/04 14:36:28.528, 68.23 W, 345 MHz, 1593 MHz, 19
2026/05/04 14:36:28.728, 68.21 W, 345 MHz, 1593 MHz, 19
2026/05/04 14:36:28.928, 68.21 W, 345 MHz, 1593 MHz, 19
2026/05/04 14:36:29.128, 68.22 W, 345 MHz, 1593 MHz, 19
2026/05/04 14:36:29.328, 68.17 W, 345 MHz, 1593 MHz, 19
2026/05/04 14:36:29.528, 68.21 W, 345 MHz, 1593 MHz, 19
2026/05/04 14:36:29.728, 68.25 W, 345 MHz, 1593 MHz, 19
2026/05/04 14:36:29.928, 68.20 W, 345 MHz, 1593 MHz, 19
2026/05/04 14:36:30.128, 68.21 W, 345 MHz, 1593 MHz, 19
2026/05/04 14:36:30.328, 68.26 W, 345 MHz, 1593 MHz, 19
2026/05/04 14:36:30.528, 68.21 W, 345 MHz, 1593 MHz, 19
2026/05/04 14:36:30.728, 68.18 W, 345 MHz, 1593 MHz, 19
2026/05/04 14:36:30.929, 68.22 W, 345 MHz, 1593 MHz, 19
2026/05/04 14:36:31.129, 68.18 W, 345 MHz, 1593 MHz, 19
2026/05/04 14:36:31.329, 68.22 W, 345 MHz, 1593 MHz, 19
2026/05/04 14:36:31.529, 68.22 W, 345 MHz, 1593 MHz, 19
2026/05/04 14:36:31.729, 68.14 W, 345 MHz, 1593 MHz, 19
2026/05/04 14:36:31.929, 68.14 W, 345 MHz, 1593 MHz, 19
2026/05/04 14:36:32.129, 68.18 W, 345 MHz, 1593 MHz, 19
2026/05/04 14:36:32.329, 68.16 W, 345 MHz, 1593 MHz, 19
2026/05/04 14:36:32.529, 68.16 W, 345 MHz, 1593 MHz, 19
2026/05/04 14:36:32.729, 68.22 W, 345 MHz, 1593 MHz, 19
2026/05/04 14:36:32.929, 68.19 W, 345 MHz, 1593 MHz, 19
2026/05/04 14:36:33.129, 68.16 W, 345 MHz, 1593 MHz, 19
2026/05/04 14:36:33.329, 68.18 W, 345 MHz, 1593 MHz, 19
2026/05/04 14:36:33.529, 68.13 W, 345 MHz, 1593 MHz, 19
2026/05/04 14:36:33.729, 68.18 W, 345 MHz, 1593 MHz, 19
2026/05/04 14:36:33.930, 68.19 W, 345 MHz, 1593 MHz, 19
2026/05/04 14:36:34.130, 68.17 W, 345 MHz, 1593 MHz, 19
2026/05/04 14:36:34.330, 68.20 W, 345 MHz, 1593 MHz, 19
2026/05/04 14:36:34.530, 68.23 W, 345 MHz, 1593 MHz, 19
2026/05/04 14:36:34.730, 68.15 W, 345 MHz, 1593 MHz, 19
2026/05/04 14:36:34.930, 68.17 W, 345 MHz, 1593 MHz, 19
2026/05/04 14:36:35.130, 68.20 W, 345 MHz, 1593 MHz, 19
2026/05/04 14:36:35.330, 68.15 W, 345 MHz, 1593 MHz, 19
2026/05/04 14:36:35.530, 68.16 W, 345 MHz, 1593 MHz, 19
2026/05/04 14:36:35.730, 68.21 W, 345 MHz, 1593 MHz, 19
2026/05/04 14:36:35.930, 68.19 W, 345 MHz, 1593 MHz, 19
2026/05/04 14:36:36.130, 68.17 W, 345 MHz, 1593 MHz, 19
2026/05/04 14:36:36.330, 68.19 W, 345 MHz, 1593 MHz, 19
2026/05/04 14:36:36.530, 68.20 W, 345 MHz, 1593 MHz, 19
2026/05/04 14:36:36.730, 68.20 W, 172 MHz, 1593 MHz, 19
2026/05/04 14:36:36.931, 68.18 W, 345 MHz, 1593 MHz, 19
2026/05/04 14:36:37.131, 68.19 W, 345 MHz, 1593 MHz, 19
2026/05/04 14:36:37.331, 68.20 W, 345 MHz, 1593 MHz, 19
2026/05/04 14:36:37.531, 68.24 W, 345 MHz, 1593 MHz, 19
2026/05/04 14:36:37.731, 68.17 W, 345 MHz, 1593 MHz, 19
2026/05/04 14:36:37.931, 68.19 W, 345 MHz, 1593 MHz, 19
2026/05/04 14:36:38.131, 68.22 W, 345 MHz, 1593 MHz, 19
2026/05/04 14:36:38.331, 68.15 W, 345 MHz, 1593 MHz, 19
2026/05/04 14:36:38.531, 68.15 W, 345 MHz, 1593 MHz, 19
2026/05/04 14:36:38.731, 68.20 W, 345 MHz, 1593 MHz, 19
2026/05/04 14:36:38.931, 68.16 W, 345 MHz, 1593 MHz, 19
2026/05/04 14:36:39.131, 68.15 W, 345 MHz, 1593 MHz, 19
2026/05/04 14:36:39.331, 68.18 W, 345 MHz, 1593 MHz, 19
2026/05/04 14:36:39.531, 68.15 W, 345 MHz, 1593 MHz, 19
2026/05/04 14:36:39.731, 68.10 W, 345 MHz, 1593 MHz, 19
2026/05/04 14:36:39.932, 68.14 W, 345 MHz, 1593 MHz, 19
2026/05/04 14:36:40.132, 68.17 W, 345 MHz, 1593 MHz, 19
2026/05/04 14:36:40.332, 68.16 W, 345 MHz, 1593 MHz, 19
2026/05/04 14:36:40.532, 68.20 W, 345 MHz, 1593 MHz, 19
2026/05/04 14:36:40.732, 68.15 W, 345 MHz, 1593 MHz, 19
2026/05/04 14:36:40.932, 68.21 W, 345 MHz, 1593 MHz, 19
2026/05/04 14:36:41.132, 68.22 W, 345 MHz, 1593 MHz, 19
2026/05/04 14:36:41.332, 68.16 W, 345 MHz, 1593 MHz, 19
2026/05/04 14:36:41.532, 68.19 W, 345 MHz, 1593 MHz, 19
2026/05/04 14:36:41.732, 68.25 W, 345 MHz, 1593 MHz, 19
2026/05/04 14:36:41.932, 68.22 W, 345 MHz, 1593 MHz, 19
2026/05/04 14:36:42.132, 68.20 W, 345 MHz, 1593 MHz, 19
2026/05/04 14:36:42.332, 68.25 W, 345 MHz, 1593 MHz, 19
2026/05/04 14:36:42.532, 68.19 W, 345 MHz, 1593 MHz, 19
2026/05/04 14:36:42.732, 68.16 W, 345 MHz, 1593 MHz, 19
2026/05/04 14:36:42.933, 68.20 W, 345 MHz, 1593 MHz, 19
2026/05/04 14:36:43.133, 68.14 W, 345 MHz, 1593 MHz, 19
2026/05/04 14:36:43.333, 68.17 W, 345 MHz, 1593 MHz, 19
2026/05/04 14:36:43.533, 68.21 W, 345 MHz, 1593 MHz, 19
2026/05/04 14:36:43.733, 68.16 W, 345 MHz, 1593 MHz, 19
2026/05/04 14:36:43.933, 68.21 W, 345 MHz, 1593 MHz, 19
2026/05/04 14:36:44.133, 68.24 W, 345 MHz, 1593 MHz, 19
2026/05/04 14:36:44.333, 68.19 W, 345 MHz, 1593 MHz, 19
2026/05/04 14:36:44.533, 68.19 W, 345 MHz, 1593 MHz, 19
2026/05/04 14:36:44.733, 68.26 W, 345 MHz, 1593 MHz, 19
2026/05/04 14:36:44.933, 68.20 W, 345 MHz, 1593 MHz, 19
2026/05/04 14:36:45.133, 68.14 W, 345 MHz, 1593 MHz, 19
2026/05/04 14:36:45.333, 68.18 W, 345 MHz, 1593 MHz, 19
2026/05/04 14:36:45.533, 68.74 W, 1980 MHz, 1593 MHz, 19
2026/05/04 14:36:45.733, 73.54 W, 1980 MHz, 1593 MHz, 20
2026/05/04 14:36:45.934, 84.55 W, 1980 MHz, 1593 MHz, 21
2026/05/04 14:36:46.134, 92.98 W, 1980 MHz, 1593 MHz, 21
2026/05/04 14:36:46.334, 102.50 W, 1980 MHz, 1593 MHz, 21
2026/05/04 14:36:46.534, 109.82 W, 1980 MHz, 1593 MHz, 21
2026/05/04 14:36:46.734, 113.21 W, 1980 MHz, 1593 MHz, 21
2026/05/04 14:36:46.934, 113.21 W, 1980 MHz, 1593 MHz, 21
2026/05/04 14:36:47.134, 113.30 W, 1980 MHz, 1593 MHz, 21
2026/05/04 14:36:47.334, 113.26 W, 1980 MHz, 1593 MHz, 21
2026/05/04 14:36:47.534, 113.31 W, 1980 MHz, 1593 MHz, 21
2026/05/04 14:36:47.734, 113.39 W, 1980 MHz, 1593 MHz, 21
2026/05/04 14:36:47.934, 113.37 W, 1980 MHz, 1593 MHz, 21
2026/05/04 14:36:48.134, 113.36 W, 1980 MHz, 1593 MHz, 21
2026/05/04 14:36:48.334, 113.40 W, 1980 MHz, 1593 MHz, 21
2026/05/04 14:36:48.534, 113.39 W, 1980 MHz, 1593 MHz, 21
2026/05/04 14:36:48.734, 113.37 W, 1980 MHz, 1593 MHz, 21
2026/05/04 14:36:48.934, 113.42 W, 1980 MHz, 1593 MHz, 21
2026/05/04 14:36:49.135, 113.45 W, 1980 MHz, 1593 MHz, 21
2026/05/04 14:36:49.335, 113.40 W, 1980 MHz, 1593 MHz, 21
2026/05/04 14:36:49.535, 113.46 W, 1980 MHz, 1593 MHz, 21
2026/05/04 14:36:49.735, 113.46 W, 1980 MHz, 1593 MHz, 21
2026/05/04 14:36:49.935, 113.40 W, 1980 MHz, 1593 MHz, 21
2026/05/04 14:36:50.135, 113.43 W, 1980 MHz, 1593 MHz, 22
2026/05/04 14:36:50.335, 113.41 W, 1980 MHz, 1593 MHz, 22
2026/05/04 14:36:50.535, 113.49 W, 1980 MHz, 1593 MHz, 22
2026/05/04 14:36:50.735, 113.53 W, 1980 MHz, 1593 MHz, 22
2026/05/04 14:36:50.935, 113.47 W, 1980 MHz, 1593 MHz, 22
2026/05/04 14:36:51.135, 113.49 W, 1980 MHz, 1593 MHz, 22
2026/05/04 14:36:51.335, 113.56 W, 1980 MHz, 1593 MHz, 22
2026/05/04 14:36:51.535, 113.63 W, 1980 MHz, 1593 MHz, 22
2026/05/04 14:36:51.735, 113.89 W, 1980 MHz, 1593 MHz, 22
2026/05/04 14:36:51.935, 114.12 W, 1980 MHz, 1593 MHz, 22
2026/05/04 14:36:52.136, 114.17 W, 1980 MHz, 1593 MHz, 22
2026/05/04 14:36:52.336, 114.26 W, 1980 MHz, 1593 MHz, 22
2026/05/04 14:36:52.536, 114.24 W, 1980 MHz, 1593 MHz, 22
2026/05/04 14:36:52.736, 113.99 W, 1980 MHz, 1593 MHz, 22
2026/05/04 14:36:52.936, 113.79 W, 1980 MHz, 1593 MHz, 22
2026/05/04 14:36:53.136, 113.77 W, 1980 MHz, 1593 MHz, 22
2026/05/04 14:36:53.336, 113.65 W, 1980 MHz, 1593 MHz, 22
2026/05/04 14:36:53.536, 113.50 W, 1980 MHz, 1593 MHz, 22
2026/05/04 14:36:53.736, 113.53 W, 1980 MHz, 1593 MHz, 22
2026/05/04 14:36:53.936, 113.55 W, 1980 MHz, 1593 MHz, 22
2026/05/04 14:36:54.136, 113.49 W, 1980 MHz, 1593 MHz, 22
2026/05/04 14:36:54.336, 113.55 W, 1980 MHz, 1593 MHz, 22
2026/05/04 14:36:54.536, 113.57 W, 1980 MHz, 1593 MHz, 22
2026/05/04 14:36:54.736, 113.46 W, 1980 MHz, 1593 MHz, 22
2026/05/04 14:36:54.936, 113.51 W, 1980 MHz, 1593 MHz, 22
2026/05/04 14:36:55.136, 113.55 W, 1980 MHz, 1593 MHz, 22
2026/05/04 14:36:55.337, 113.46 W, 1980 MHz, 1593 MHz, 22
2026/05/04 14:36:55.537, 113.57 W, 1980 MHz, 1593 MHz, 22
2026/05/04 14:36:55.737, 113.47 W, 1980 MHz, 1593 MHz, 22
2026/05/04 14:36:55.937, 113.50 W, 1980 MHz, 1593 MHz, 22
2026/05/04 14:36:56.137, 113.54 W, 1980 MHz, 1593 MHz, 22
2026/05/04 14:36:56.337, 113.47 W, 1980 MHz, 1593 MHz, 22
2026/05/04 14:36:56.537, 113.45 W, 1980 MHz, 1593 MHz, 22
2026/05/04 14:36:56.737, 113.57 W, 1980 MHz, 1593 MHz, 22
2026/05/04 14:36:56.937, 113.51 W, 1980 MHz, 1593 MHz, 22
2026/05/04 14:36:57.137, 113.48 W, 1980 MHz, 1593 MHz, 22
2026/05/04 14:36:57.337, 113.56 W, 1980 MHz, 1593 MHz, 22
2026/05/04 14:36:57.537, 113.56 W, 1980 MHz, 1593 MHz, 22
2026/05/04 14:36:57.737, 113.48 W, 1980 MHz, 1593 MHz, 22
2026/05/04 14:36:57.937, 113.56 W, 1980 MHz, 1593 MHz, 22
2026/05/04 14:36:58.137, 113.58 W, 1980 MHz, 1593 MHz, 22
2026/05/04 14:36:58.338, 113.50 W, 1980 MHz, 1593 MHz, 22
2026/05/04 14:36:58.538, 113.52 W, 1980 MHz, 1593 MHz, 22
2026/05/04 14:36:58.738, 113.57 W, 1980 MHz, 1593 MHz, 22
2026/05/04 14:36:58.938, 113.47 W, 1980 MHz, 1593 MHz, 22
2026/05/04 14:36:59.138, 113.47 W, 1980 MHz, 1593 MHz, 22
2026/05/04 14:36:59.338, 113.58 W, 1980 MHz, 1593 MHz, 22
2026/05/04 14:36:59.538, 113.53 W, 1980 MHz, 1593 MHz, 22
2026/05/04 14:36:59.738, 113.56 W, 1980 MHz, 1593 MHz, 22
2026/05/04 14:36:59.938, 113.62 W, 1980 MHz, 1593 MHz, 22
2026/05/04 14:37:00.138, 113.56 W, 1980 MHz, 1593 MHz, 22
2026/05/04 14:37:00.338, 113.53 W, 1980 MHz, 1593 MHz, 22
2026/05/04 14:37:00.538, 113.53 W, 1980 MHz, 1593 MHz, 22
2026/05/04 14:37:00.738, 113.51 W, 1980 MHz, 1593 MHz, 22
2026/05/04 14:37:00.938, 113.59 W, 1980 MHz, 1593 MHz, 22
2026/05/04 14:37:01.138, 113.56 W, 1980 MHz, 1593 MHz, 22
2026/05/04 14:37:01.339, 113.52 W, 1980 MHz, 1593 MHz, 22
2026/05/04 14:37:01.539, 113.62 W, 1980 MHz, 1593 MHz, 22
2026/05/04 14:37:01.739, 113.59 W, 1980 MHz, 1593 MHz, 22
2026/05/04 14:37:01.939, 113.51 W, 1980 MHz, 1593 MHz, 22
2026/05/04 14:37:02.139, 113.59 W, 1980 MHz, 1593 MHz, 22
2026/05/04 14:37:02.339, 113.59 W, 1980 MHz, 1593 MHz, 22
2026/05/04 14:37:02.539, 113.48 W, 1980 MHz, 1593 MHz, 22
2026/05/04 14:37:02.739, 113.54 W, 1980 MHz, 1593 MHz, 22
2026/05/04 14:37:02.939, 113.59 W, 1980 MHz, 1593 MHz, 22
2026/05/04 14:37:03.139, 113.50 W, 1980 MHz, 1593 MHz, 22
2026/05/04 14:37:03.339, 113.55 W, 1980 MHz, 1593 MHz, 22
2026/05/04 14:37:03.539, 113.59 W, 1980 MHz, 1593 MHz, 22
2026/05/04 14:37:03.739, 113.51 W, 1980 MHz, 1593 MHz, 22
2026/05/04 14:37:03.939, 113.50 W, 1980 MHz, 1593 MHz, 22
2026/05/04 14:37:04.139, 113.60 W, 1980 MHz, 1593 MHz, 22
2026/05/04 14:37:04.340, 113.52 W, 1980 MHz, 1593 MHz, 22
2026/05/04 14:37:04.540, 113.54 W, 1980 MHz, 1593 MHz, 22
2026/05/04 14:37:04.740, 113.61 W, 1980 MHz, 1593 MHz, 22
2026/05/04 14:37:04.940, 113.54 W, 1980 MHz, 1593 MHz, 22
2026/05/04 14:37:05.140, 113.50 W, 1980 MHz, 1593 MHz, 22
2026/05/04 14:37:05.340, 113.56 W, 1980 MHz, 1593 MHz, 22
2026/05/04 14:37:05.540, 113.49 W, 1980 MHz, 1593 MHz, 22
2026/05/04 14:37:05.740, 113.53 W, 1980 MHz, 1593 MHz, 22
2026/05/04 14:37:05.940, 113.59 W, 1980 MHz, 1593 MHz, 22
2026/05/04 14:37:06.140, 113.53 W, 1980 MHz, 1593 MHz, 22
2026/05/04 14:37:06.340, 113.57 W, 1980 MHz, 1593 MHz, 22
2026/05/04 14:37:06.540, 113.63 W, 1980 MHz, 1593 MHz, 22
2026/05/04 14:37:06.740, 113.54 W, 1980 MHz, 1593 MHz, 22
2026/05/04 14:37:06.940, 113.56 W, 1980 MHz, 1593 MHz, 22
2026/05/04 14:37:07.140, 113.59 W, 1980 MHz, 1593 MHz, 22
2026/05/04 14:37:07.341, 113.51 W, 1980 MHz, 1593 MHz, 22
2026/05/04 14:37:07.541, 113.51 W, 1980 MHz, 1593 MHz, 22
2026/05/04 14:37:07.741, 113.61 W, 1980 MHz, 1593 MHz, 22
2026/05/04 14:37:07.941, 113.50 W, 1980 MHz, 1593 MHz, 22
2026/05/04 14:37:08.141, 113.47 W, 1980 MHz, 1593 MHz, 22
2026/05/04 14:37:08.341, 113.54 W, 1980 MHz, 1593 MHz, 22
2026/05/04 14:37:08.541, 113.49 W, 1980 MHz, 1593 MHz, 22
2026/05/04 14:37:08.741, 113.44 W, 1980 MHz, 1593 MHz, 22
2026/05/04 14:37:08.941, 113.52 W, 1980 MHz, 1593 MHz, 22
2026/05/04 14:37:09.141, 113.54 W, 1980 MHz, 1593 MHz, 22
2026/05/04 14:37:09.341, 113.49 W, 1980 MHz, 1593 MHz, 22
2026/05/04 14:37:09.541, 113.55 W, 1980 MHz, 1593 MHz, 22
2026/05/04 14:37:09.741, 113.59 W, 1980 MHz, 1593 MHz, 22
2026/05/04 14:37:09.941, 113.48 W, 1980 MHz, 1593 MHz, 22
2026/05/04 14:37:10.141, 113.54 W, 1980 MHz, 1593 MHz, 22
2026/05/04 14:37:10.341, 113.60 W, 1980 MHz, 1593 MHz, 22
2026/05/04 14:37:10.542, 113.54 W, 1980 MHz, 1593 MHz, 22
2026/05/04 14:37:10.742, 113.61 W, 1980 MHz, 1593 MHz, 22
2026/05/04 14:37:10.942, 113.51 W, 1980 MHz, 1593 MHz, 22
2026/05/04 14:37:11.142, 113.51 W, 1980 MHz, 1593 MHz, 22
2026/05/04 14:37:11.342, 113.61 W, 1980 MHz, 1593 MHz, 22
2026/05/04 14:37:11.542, 113.52 W, 1980 MHz, 1593 MHz, 22
2026/05/04 14:37:11.742, 113.48 W, 1980 MHz, 1593 MHz, 22
2026/05/04 14:37:11.942, 113.58 W, 1980 MHz, 1593 MHz, 22
2026/05/04 14:37:12.142, 113.53 W, 1980 MHz, 1593 MHz, 22
2026/05/04 14:37:12.342, 113.50 W, 1980 MHz, 1593 MHz, 22
2026/05/04 14:37:12.542, 113.57 W, 1980 MHz, 1593 MHz, 22
2026/05/04 14:37:12.742, 113.58 W, 1980 MHz, 1593 MHz, 22
2026/05/04 14:37:12.942, 113.51 W, 1980 MHz, 1593 MHz, 22
2026/05/04 14:37:13.142, 113.58 W, 1980 MHz, 1593 MHz, 22
2026/05/04 14:37:13.343, 113.59 W, 1980 MHz, 1593 MHz, 22
2026/05/04 14:37:13.543, 113.52 W, 1980 MHz, 1593 MHz, 22
2026/05/04 14:37:13.743, 113.56 W, 1980 MHz, 1593 MHz, 22
2026/05/04 14:37:13.943, 113.62 W, 1980 MHz, 1593 MHz, 22
2026/05/04 14:37:14.143, 113.52 W, 1980 MHz, 1593 MHz, 22
2026/05/04 14:37:14.343, 113.53 W, 1980 MHz, 1593 MHz, 22
2026/05/04 14:37:14.543, 113.58 W, 1980 MHz, 1593 MHz, 22
2026/05/04 14:37:14.743, 113.47 W, 1980 MHz, 1593 MHz, 22
2026/05/04 14:37:14.943, 113.45 W, 1980 MHz, 1593 MHz, 22
2026/05/04 14:37:15.143, 113.55 W, 1980 MHz, 1593 MHz, 22
2026/05/04 14:37:15.343, 113.43 W, 1980 MHz, 1593 MHz, 22
2026/05/04 14:37:15.543, 113.55 W, 1980 MHz, 1593 MHz, 22
2026/05/04 14:37:15.743, 113.52 W, 1980 MHz, 1593 MHz, 22
2026/05/04 14:37:15.943, 113.47 W, 1980 MHz, 1593 MHz, 22
2026/05/04 14:37:16.143, 113.53 W, 1980 MHz, 1593 MHz, 22
2026/05/04 14:37:16.344, 113.57 W, 1980 MHz, 1593 MHz, 22
2026/05/04 14:37:16.544, 113.49 W, 1980 MHz, 1593 MHz, 22
2026/05/04 14:37:16.744, 113.57 W, 1980 MHz, 1593 MHz, 22
2026/05/04 14:37:16.944, 113.59 W, 1980 MHz, 1593 MHz, 22
2026/05/04 14:37:17.144, 113.51 W, 1980 MHz, 1593 MHz, 22
2026/05/04 14:37:17.344, 113.53 W, 1980 MHz, 1593 MHz, 22
2026/05/04 14:37:17.544, 113.61 W, 1980 MHz, 1593 MHz, 22
2026/05/04 14:37:17.744, 113.53 W, 1980 MHz, 1593 MHz, 22
2026/05/04 14:37:17.944, 113.56 W, 1980 MHz, 1593 MHz, 22
2026/05/04 14:37:18.144, 113.63 W, 1980 MHz, 1593 MHz, 22
2026/05/04 14:37:18.344, 113.56 W, 1980 MHz, 1593 MHz, 22
2026/05/04 14:37:18.544, 113.51 W, 1980 MHz, 1593 MHz, 22
2026/05/04 14:37:18.744, 113.59 W, 1980 MHz, 1593 MHz, 22
2026/05/04 14:37:18.944, 113.54 W, 1980 MHz, 1593 MHz, 22
2026/05/04 14:37:19.144, 113.50 W, 1980 MHz, 1593 MHz, 22
2026/05/04 14:37:19.344, 113.60 W, 1980 MHz, 1593 MHz, 22
2026/05/04 14:37:19.545, 113.58 W, 1980 MHz, 1593 MHz, 22
2026/05/04 14:37:19.745, 113.51 W, 1980 MHz, 1593 MHz, 22
2026/05/04 14:37:19.945, 113.59 W, 1980 MHz, 1593 MHz, 22
2026/05/04 14:37:20.145, 113.52 W, 1980 MHz, 1593 MHz, 22
2026/05/04 14:37:20.345, 113.57 W, 1980 MHz, 1593 MHz, 22
2026/05/04 14:37:20.545, 113.65 W, 1980 MHz, 1593 MHz, 22
2026/05/04 14:37:20.745, 113.52 W, 1980 MHz, 1593 MHz, 22
2026/05/04 14:37:20.945, 113.57 W, 1980 MHz, 1593 MHz, 22
2026/05/04 14:37:21.145, 113.64 W, 1980 MHz, 1593 MHz, 22
2026/05/04 14:37:21.345, 113.56 W, 1980 MHz, 1593 MHz, 22
2026/05/04 14:37:21.545, 113.55 W, 1980 MHz, 1593 MHz, 22
2026/05/04 14:37:21.745, 113.65 W, 1980 MHz, 1593 MHz, 22
2026/05/04 14:37:21.945, 113.56 W, 1980 MHz, 1593 MHz, 22
2026/05/04 14:37:22.145, 113.55 W, 1980 MHz, 1593 MHz, 22
2026/05/04 14:37:22.346, 113.62 W, 1980 MHz, 1593 MHz, 22
2026/05/04 14:37:22.546, 113.58 W, 1980 MHz, 1593 MHz, 22
2026/05/04 14:37:22.746, 113.53 W, 1980 MHz, 1593 MHz, 22
2026/05/04 14:37:22.946, 113.61 W, 1980 MHz, 1593 MHz, 22
2026/05/04 14:37:23.146, 113.61 W, 1980 MHz, 1593 MHz, 22
2026/05/04 14:37:23.346, 113.52 W, 1980 MHz, 1593 MHz, 22
2026/05/04 14:37:23.546, 113.55 W, 1980 MHz, 1593 MHz, 22
2026/05/04 14:37:23.746, 113.64 W, 1980 MHz, 1593 MHz, 22
2026/05/04 14:37:23.946, 113.54 W, 1980 MHz, 1593 MHz, 22
2026/05/04 14:37:24.146, 113.60 W, 1980 MHz, 1593 MHz, 22
2026/05/04 14:37:24.346, 113.69 W, 1980 MHz, 1593 MHz, 22
2026/05/04 14:37:24.546, 113.59 W, 1980 MHz, 1593 MHz, 22
2026/05/04 14:37:24.746, 113.59 W, 1980 MHz, 1593 MHz, 22
2026/05/04 14:37:24.946, 113.67 W, 1980 MHz, 1593 MHz, 22
2026/05/04 14:37:25.146, 113.60 W, 1980 MHz, 1593 MHz, 22
2026/05/04 14:37:25.346, 113.56 W, 1980 MHz, 1593 MHz, 22
2026/05/04 14:37:25.547, 113.60 W, 1980 MHz, 1593 MHz, 22
2026/05/04 14:37:25.747, 113.56 W, 1980 MHz, 1593 MHz, 22
2026/05/04 14:37:25.947, 113.65 W, 1980 MHz, 1593 MHz, 22
2026/05/04 14:37:26.147, 113.60 W, 1980 MHz, 1593 MHz, 22
2026/05/04 14:37:26.347, 113.55 W, 1980 MHz, 1593 MHz, 22
2026/05/04 14:37:26.547, 113.62 W, 1980 MHz, 1593 MHz, 22
2026/05/04 14:37:26.747, 113.64 W, 1980 MHz, 1593 MHz, 22
2026/05/04 14:37:26.947, 113.53 W, 1980 MHz, 1593 MHz, 22
2026/05/04 14:37:27.147, 113.59 W, 1980 MHz, 1593 MHz, 22
2026/05/04 14:37:27.347, 113.65 W, 1980 MHz, 1593 MHz, 22
2026/05/04 14:37:27.547, 113.54 W, 1980 MHz, 1593 MHz, 22
2026/05/04 14:37:27.747, 113.55 W, 1980 MHz, 1593 MHz, 22
2026/05/04 14:37:27.947, 113.66 W, 1980 MHz, 1593 MHz, 22
2026/05/04 14:37:28.147, 113.57 W, 1980 MHz, 1593 MHz, 22
2026/05/04 14:37:28.347, 113.56 W, 1980 MHz, 1593 MHz, 22
2026/05/04 14:37:28.547, 113.68 W, 1980 MHz, 1593 MHz, 22
2026/05/04 14:37:28.748, 113.64 W, 1980 MHz, 1593 MHz, 22
2026/05/04 14:37:28.948, 113.57 W, 1980 MHz, 1593 MHz, 22
2026/05/04 14:37:29.148, 113.68 W, 1980 MHz, 1593 MHz, 22
2026/05/04 14:37:29.348, 113.60 W, 1980 MHz, 1593 MHz, 22
2026/05/04 14:37:29.548, 113.53 W, 1980 MHz, 1593 MHz, 22
2026/05/04 14:37:29.748, 113.60 W, 1980 MHz, 1593 MHz, 22
2026/05/04 14:37:29.948, 113.62 W, 1980 MHz, 1593 MHz, 22
2026/05/04 14:37:30.148, 113.54 W, 1980 MHz, 1593 MHz, 22
2026/05/04 14:37:30.348, 113.59 W, 1980 MHz, 1593 MHz, 22
2026/05/04 14:37:30.548, 113.66 W, 1980 MHz, 1593 MHz, 22
2026/05/04 14:37:30.748, 113.55 W, 1980 MHz, 1593 MHz, 22
2026/05/04 14:37:30.948, 113.56 W, 1980 MHz, 1593 MHz, 22
2026/05/04 14:37:31.148, 113.54 W, 1980 MHz, 1593 MHz, 22
2026/05/04 14:37:31.348, 113.55 W, 1980 MHz, 1593 MHz, 22
2026/05/04 14:37:31.548, 113.64 W, 1980 MHz, 1593 MHz, 22
2026/05/04 14:37:31.749, 113.57 W, 1980 MHz, 1593 MHz, 22
2026/05/04 14:37:31.949, 113.55 W, 1980 MHz, 1593 MHz, 22
2026/05/04 14:37:32.149, 113.66 W, 1980 MHz, 1593 MHz, 22
2026/05/04 14:37:32.349, 113.59 W, 1980 MHz, 1593 MHz, 22
2026/05/04 14:37:32.549, 113.55 W, 1980 MHz, 1593 MHz, 22
2026/05/04 14:37:32.749, 113.63 W, 1980 MHz, 1593 MHz, 22
2026/05/04 14:37:32.949, 113.66 W, 1980 MHz, 1593 MHz, 22
2026/05/04 14:37:33.149, 113.59 W, 1980 MHz, 1593 MHz, 22
2026/05/04 14:37:33.349, 113.67 W, 1980 MHz, 1593 MHz, 22
2026/05/04 14:37:33.549, 113.72 W, 1980 MHz, 1593 MHz, 22
2026/05/04 14:37:33.749, 113.61 W, 1980 MHz, 1593 MHz, 22
2026/05/04 14:37:33.949, 113.62 W, 1980 MHz, 1593 MHz, 22
2026/05/04 14:37:34.149, 113.70 W, 1980 MHz, 1593 MHz, 22
2026/05/04 14:37:34.349, 113.62 W, 1980 MHz, 1593 MHz, 22
2026/05/04 14:37:34.549, 113.62 W, 1980 MHz, 1593 MHz, 22
2026/05/04 14:37:34.749, 113.72 W, 1980 MHz, 1593 MHz, 22
2026/05/04 14:37:34.950, 113.64 W, 1980 MHz, 1593 MHz, 22
2026/05/04 14:37:35.150, 113.59 W, 1980 MHz, 1593 MHz, 22
2026/05/04 14:37:35.350, 113.69 W, 1980 MHz, 1593 MHz, 22
2026/05/04 14:37:35.550, 113.61 W, 1980 MHz, 1593 MHz, 22
2026/05/04 14:37:35.750, 113.56 W, 1980 MHz, 1593 MHz, 22
2026/05/04 14:37:35.950, 113.66 W, 1980 MHz, 1593 MHz, 22
2026/05/04 14:37:36.150, 113.66 W, 1980 MHz, 1593 MHz, 22
2026/05/04 14:37:36.350, 113.59 W, 1980 MHz, 1593 MHz, 22
2026/05/04 14:37:36.550, 113.73 W, 1980 MHz, 1593 MHz, 22
2026/05/04 14:37:36.750, 113.70 W, 1980 MHz, 1593 MHz, 22
2026/05/04 14:37:36.950, 113.57 W, 1980 MHz, 1593 MHz, 22
2026/05/04 14:37:37.150, 113.68 W, 1980 MHz, 1593 MHz, 22
2026/05/04 14:37:37.350, 113.59 W, 1980 MHz, 1593 MHz, 22
2026/05/04 14:37:37.550, 113.60 W, 1980 MHz, 1593 MHz, 22
2026/05/04 14:37:37.750, 113.72 W, 1980 MHz, 1593 MHz, 22
2026/05/04 14:37:37.951, 113.59 W, 1980 MHz, 1593 MHz, 22
2026/05/04 14:37:38.151, 113.59 W, 1980 MHz, 1593 MHz, 22
2026/05/04 14:37:38.351, 113.71 W, 1980 MHz, 1593 MHz, 22
2026/05/04 14:37:38.551, 113.64 W, 1980 MHz, 1593 MHz, 22
2026/05/04 14:37:38.751, 113.59 W, 1980 MHz, 1593 MHz, 22
2026/05/04 14:37:38.951, 113.71 W, 1980 MHz, 1593 MHz, 22
2026/05/04 14:37:39.151, 113.65 W, 1980 MHz, 1593 MHz, 22
2026/05/04 14:37:39.351, 113.59 W, 1980 MHz, 1593 MHz, 22
2026/05/04 14:37:39.551, 113.65 W, 1980 MHz, 1593 MHz, 22
2026/05/04 14:37:39.751, 113.67 W, 1980 MHz, 1593 MHz, 22
2026/05/04 14:37:39.951, 113.56 W, 1980 MHz, 1593 MHz, 22
2026/05/04 14:37:40.151, 113.60 W, 1980 MHz, 1593 MHz, 22
2026/05/04 14:37:40.351, 113.67 W, 1980 MHz, 1593 MHz, 22
2026/05/04 14:37:40.551, 113.56 W, 1980 MHz, 1593 MHz, 22
2026/05/04 14:37:40.752, 113.61 W, 1980 MHz, 1593 MHz, 22
2026/05/04 14:37:40.952, 113.72 W, 1980 MHz, 1593 MHz, 22
2026/05/04 14:37:41.152, 113.61 W, 1980 MHz, 1593 MHz, 22
2026/05/04 14:37:41.352, 113.60 W, 1980 MHz, 1593 MHz, 22
2026/05/04 14:37:41.552, 113.73 W, 1980 MHz, 1593 MHz, 22
2026/05/04 14:37:41.752, 113.64 W, 1980 MHz, 1593 MHz, 22
2026/05/04 14:37:41.952, 113.60 W, 1980 MHz, 1593 MHz, 22
2026/05/04 14:37:42.152, 113.67 W, 1980 MHz, 1593 MHz, 22
2026/05/04 14:37:42.352, 113.64 W, 1980 MHz, 1593 MHz, 22
2026/05/04 14:37:42.552, 113.73 W, 1980 MHz, 1593 MHz, 22
2026/05/04 14:37:42.752, 113.66 W, 1980 MHz, 1593 MHz, 22
2026/05/04 14:37:42.952, 113.58 W, 1980 MHz, 1593 MHz, 22
2026/05/04 14:37:43.152, 113.66 W, 1980 MHz, 1593 MHz, 22
2026/05/04 14:37:43.352, 113.68 W, 1980 MHz, 1593 MHz, 22
2026/05/04 14:37:43.552, 113.60 W, 1980 MHz, 1593 MHz, 22
2026/05/04 14:37:43.753, 113.65 W, 1980 MHz, 1593 MHz, 22
2026/05/04 14:37:43.953, 113.72 W, 1980 MHz, 1593 MHz, 22
2026/05/04 14:37:44.153, 113.59 W, 1980 MHz, 1593 MHz, 22
2026/05/04 14:37:44.353, 113.58 W, 1980 MHz, 1593 MHz, 22
2026/05/04 14:37:44.553, 113.68 W, 1980 MHz, 1593 MHz, 22
2026/05/04 14:37:44.753, 113.61 W, 1980 MHz, 1593 MHz, 22
2026/05/04 14:37:44.953, 113.59 W, 1980 MHz, 1593 MHz, 22
2026/05/04 14:37:45.153, 113.68 W, 1980 MHz, 1593 MHz, 22
2026/05/04 14:37:45.353, 113.63 W, 1980 MHz, 1593 MHz, 22
2026/05/04 14:37:45.553, 113.60 W, 1980 MHz, 1593 MHz, 22
2026/05/04 14:37:45.753, 113.67 W, 1980 MHz, 1593 MHz, 22
2026/05/04 14:37:45.953, 113.68 W, 1980 MHz, 1593 MHz, 22
2026/05/04 14:37:46.153, 113.61 W, 1980 MHz, 1593 MHz, 22
2026/05/04 14:37:46.353, 113.67 W, 1980 MHz, 1593 MHz, 22
2026/05/04 14:37:46.553, 113.72 W, 1980 MHz, 1593 MHz, 22
2026/05/04 14:37:46.753, 113.61 W, 1980 MHz, 1593 MHz, 22
2026/05/04 14:37:46.954, 113.71 W, 1980 MHz, 1593 MHz, 22
2026/05/04 14:37:47.154, 113.59 W, 1980 MHz, 1593 MHz, 22
2026/05/04 14:37:47.354, 113.58 W, 1980 MHz, 1593 MHz, 22
2026/05/04 14:37:47.554, 113.69 W, 1980 MHz, 1593 MHz, 22
2026/05/04 14:37:47.754, 113.61 W, 1980 MHz, 1593 MHz, 22
2026/05/04 14:37:47.954, 113.56 W, 1980 MHz, 1593 MHz, 22
2026/05/04 14:37:48.154, 113.64 W, 1980 MHz, 1593 MHz, 22
2026/05/04 14:37:48.354, 113.67 W, 1980 MHz, 1593 MHz, 22
2026/05/04 14:37:48.554, 113.61 W, 1980 MHz, 1593 MHz, 22
2026/05/04 14:37:48.754, 113.69 W, 1980 MHz, 1593 MHz, 22
2026/05/04 14:37:48.954, 113.69 W, 1980 MHz, 1593 MHz, 22
2026/05/04 14:37:49.154, 113.59 W, 1980 MHz, 1593 MHz, 22
2026/05/04 14:37:49.354, 113.62 W, 1980 MHz, 1593 MHz, 22
2026/05/04 14:37:49.554, 113.71 W, 1980 MHz, 1593 MHz, 22
2026/05/04 14:37:49.754, 113.61 W, 1980 MHz, 1593 MHz, 22
2026/05/04 14:37:49.954, 113.63 W, 1980 MHz, 1593 MHz, 22
2026/05/04 14:37:50.155, 113.72 W, 1980 MHz, 1593 MHz, 22
2026/05/04 14:37:50.355, 113.61 W, 1980 MHz, 1593 MHz, 22
2026/05/04 14:37:50.555, 113.57 W, 1980 MHz, 1593 MHz, 22
2026/05/04 14:37:50.755, 113.69 W, 1980 MHz, 1593 MHz, 22
2026/05/04 14:37:50.955, 113.62 W, 1980 MHz, 1593 MHz, 22
2026/05/04 14:37:51.155, 113.57 W, 1980 MHz, 1593 MHz, 22
2026/05/04 14:37:51.355, 113.69 W, 1980 MHz, 1593 MHz, 22
2026/05/04 14:37:51.555, 113.71 W, 1980 MHz, 1593 MHz, 22
2026/05/04 14:37:51.755, 113.69 W, 1980 MHz, 1593 MHz, 22
2026/05/04 14:37:51.955, 113.72 W, 1980 MHz, 1593 MHz, 22
2026/05/04 14:37:52.155, 113.58 W, 1980 MHz, 1593 MHz, 22
2026/05/04 14:37:52.355, 113.58 W, 1980 MHz, 1593 MHz, 22
2026/05/04 14:37:52.555, 113.59 W, 1980 MHz, 1593 MHz, 22
2026/05/04 14:37:52.755, 113.58 W, 1980 MHz, 1593 MHz, 22
2026/05/04 14:37:52.955, 113.63 W, 1980 MHz, 1593 MHz, 22
2026/05/04 14:37:53.156, 113.74 W, 1980 MHz, 1593 MHz, 22
2026/05/04 14:37:53.356, 113.61 W, 1980 MHz, 1593 MHz, 22
2026/05/04 14:37:53.556, 113.61 W, 1980 MHz, 1593 MHz, 22
2026/05/04 14:37:53.756, 113.73 W, 1980 MHz, 1593 MHz, 22
2026/05/04 14:37:53.956, 113.66 W, 1980 MHz, 1593 MHz, 22
2026/05/04 14:37:54.156, 113.60 W, 1980 MHz, 1593 MHz, 22
2026/05/04 14:37:54.356, 113.70 W, 1980 MHz, 1593 MHz, 22
2026/05/04 14:37:54.556, 113.67 W, 1980 MHz, 1593 MHz, 22
2026/05/04 14:37:54.756, 113.58 W, 1980 MHz, 1593 MHz, 22
2026/05/04 14:37:54.956, 113.64 W, 1980 MHz, 1593 MHz, 22
2026/05/04 14:37:55.156, 113.69 W, 1980 MHz, 1593 MHz, 22
2026/05/04 14:37:55.356, 113.60 W, 1980 MHz, 1593 MHz, 22
2026/05/04 14:37:55.556, 113.68 W, 1980 MHz, 1593 MHz, 22
2026/05/04 14:37:55.756, 113.75 W, 1980 MHz, 1593 MHz, 22
2026/05/04 14:37:55.956, 113.63 W, 1980 MHz, 1593 MHz, 22
2026/05/04 14:37:56.156, 113.61 W, 1980 MHz, 1593 MHz, 22
2026/05/04 14:37:56.357, 113.71 W, 1980 MHz, 1593 MHz, 22
2026/05/04 14:37:56.557, 113.66 W, 1980 MHz, 1593 MHz, 22
2026/05/04 14:37:56.757, 113.68 W, 1980 MHz, 1593 MHz, 22
2026/05/04 14:37:56.957, 113.65 W, 1980 MHz, 1593 MHz, 22
2026/05/04 14:37:57.157, 113.57 W, 1980 MHz, 1593 MHz, 22
2026/05/04 14:37:57.357, 113.56 W, 1980 MHz, 1593 MHz, 22
2026/05/04 14:37:57.557, 113.67 W, 1980 MHz, 1593 MHz, 22
2026/05/04 14:37:57.757, 113.57 W, 1980 MHz, 1593 MHz, 22
2026/05/04 14:37:57.957, 113.64 W, 1980 MHz, 1593 MHz, 22
2026/05/04 14:37:58.157, 113.68 W, 1980 MHz, 1593 MHz, 22
2026/05/04 14:37:58.357, 113.58 W, 1980 MHz, 1593 MHz, 22
2026/05/04 14:37:58.557, 113.60 W, 1980 MHz, 1593 MHz, 22
2026/05/04 14:37:58.757, 113.70 W, 1980 MHz, 1593 MHz, 22
2026/05/04 14:37:58.957, 113.59 W, 1980 MHz, 1593 MHz, 22
2026/05/04 14:37:59.157, 113.59 W, 1980 MHz, 1593 MHz, 22
2026/05/04 14:37:59.358, 113.69 W, 1980 MHz, 1593 MHz, 22
2026/05/04 14:37:59.558, 113.66 W, 1980 MHz, 1593 MHz, 22
2026/05/04 14:37:59.758, 113.58 W, 1980 MHz, 1593 MHz, 22
2026/05/04 14:37:59.958, 113.71 W, 1980 MHz, 1593 MHz, 22
2026/05/04 14:38:00.158, 113.68 W, 1980 MHz, 1593 MHz, 22
2026/05/04 14:38:00.358, 113.60 W, 1980 MHz, 1593 MHz, 22
2026/05/04 14:38:00.558, 113.68 W, 1980 MHz, 1593 MHz, 22
2026/05/04 14:38:00.758, 113.70 W, 1980 MHz, 1593 MHz, 22
2026/05/04 14:38:00.958, 113.61 W, 1980 MHz, 1593 MHz, 22
2026/05/04 14:38:01.158, 113.64 W, 1980 MHz, 1593 MHz, 22
2026/05/04 14:38:01.358, 113.75 W, 1980 MHz, 1593 MHz, 22
2026/05/04 14:38:01.558, 113.62 W, 1980 MHz, 1593 MHz, 22
2026/05/04 14:38:01.758, 113.65 W, 1980 MHz, 1593 MHz, 22
2026/05/04 14:38:01.958, 113.75 W, 1980 MHz, 1593 MHz, 22
2026/05/04 14:38:02.158, 113.62 W, 1980 MHz, 1593 MHz, 22
2026/05/04 14:38:02.358, 113.72 W, 1980 MHz, 1593 MHz, 22
2026/05/04 14:38:02.559, 113.73 W, 1980 MHz, 1593 MHz, 22
2026/05/04 14:38:02.759, 113.63 W, 1980 MHz, 1593 MHz, 22
2026/05/04 14:38:02.959, 113.69 W, 1980 MHz, 1593 MHz, 22
2026/05/04 14:38:03.159, 113.72 W, 1980 MHz, 1593 MHz, 22
2026/05/04 14:38:03.359, 113.64 W, 1980 MHz, 1593 MHz, 22
2026/05/04 14:38:03.559, 113.70 W, 1980 MHz, 1593 MHz, 22
2026/05/04 14:38:03.759, 113.73 W, 1980 MHz, 1593 MHz, 22
2026/05/04 14:38:03.959, 113.64 W, 1980 MHz, 1593 MHz, 22
2026/05/04 14:38:04.159, 113.63 W, 1980 MHz, 1593 MHz, 22
2026/05/04 14:38:04.359, 113.73 W, 1980 MHz, 1593 MHz, 22
2026/05/04 14:38:04.559, 113.64 W, 1980 MHz, 1593 MHz, 22
2026/05/04 14:38:04.759, 113.63 W, 1980 MHz, 1593 MHz, 22
2026/05/04 14:38:04.959, 113.74 W, 1980 MHz, 1593 MHz, 22
2026/05/04 14:38:05.159, 113.68 W, 1980 MHz, 1593 MHz, 22
2026/05/04 14:38:05.360, 113.62 W, 1980 MHz, 1593 MHz, 22
2026/05/04 14:38:05.560, 113.71 W, 1980 MHz, 1593 MHz, 22
2026/05/04 14:38:05.760, 113.67 W, 1980 MHz, 1593 MHz, 22
2026/05/04 14:38:05.960, 113.61 W, 1980 MHz, 1593 MHz, 22
2026/05/04 14:38:06.160, 113.68 W, 1980 MHz, 1593 MHz, 22
2026/05/04 14:38:06.360, 113.76 W, 1980 MHz, 1593 MHz, 22
2026/05/04 14:38:06.560, 113.63 W, 1980 MHz, 1593 MHz, 22
2026/05/04 14:38:06.760, 113.71 W, 1980 MHz, 1593 MHz, 22
2026/05/04 14:38:06.960, 113.78 W, 1980 MHz, 1593 MHz, 22
2026/05/04 14:38:07.160, 113.67 W, 1980 MHz, 1593 MHz, 22
2026/05/04 14:38:07.360, 113.64 W, 1980 MHz, 1593 MHz, 22
2026/05/04 14:38:07.560, 113.66 W, 1980 MHz, 1593 MHz, 22
2026/05/04 14:38:07.760, 113.62 W, 1980 MHz, 1593 MHz, 22
2026/05/04 14:38:07.960, 113.73 W, 1980 MHz, 1593 MHz, 22
2026/05/04 14:38:08.160, 113.71 W, 1980 MHz, 1593 MHz, 22
2026/05/04 14:38:08.360, 113.65 W, 1980 MHz, 1593 MHz, 22
2026/05/04 14:38:08.561, 113.74 W, 1980 MHz, 1593 MHz, 22
2026/05/04 14:38:08.761, 113.73 W, 1980 MHz, 1593 MHz, 22
2026/05/04 14:38:08.961, 113.63 W, 1980 MHz, 1593 MHz, 22
2026/05/04 14:38:09.161, 113.66 W, 1980 MHz, 1593 MHz, 22
2026/05/04 14:38:09.361, 113.74 W, 1980 MHz, 1593 MHz, 22
2026/05/04 14:38:09.561, 113.64 W, 1980 MHz, 1593 MHz, 22
2026/05/04 14:38:09.761, 113.65 W, 1980 MHz, 1593 MHz, 22
2026/05/04 14:38:09.961, 113.74 W, 1980 MHz, 1593 MHz, 22
2026/05/04 14:38:10.161, 113.64 W, 1980 MHz, 1593 MHz, 22
2026/05/04 14:38:10.361, 113.61 W, 1980 MHz, 1593 MHz, 22
2026/05/04 14:38:10.561, 113.72 W, 1980 MHz, 1593 MHz, 22
2026/05/04 14:38:10.761, 113.68 W, 1980 MHz, 1593 MHz, 22
2026/05/04 14:38:10.961, 113.63 W, 1980 MHz, 1593 MHz, 22
2026/05/04 14:38:11.161, 113.75 W, 1980 MHz, 1593 MHz, 22
2026/05/04 14:38:11.361, 113.66 W, 1980 MHz, 1593 MHz, 22
2026/05/04 14:38:11.562, 113.64 W, 1980 MHz, 1593 MHz, 22
2026/05/04 14:38:11.762, 113.71 W, 1980 MHz, 1593 MHz, 22
2026/05/04 14:38:11.962, 113.78 W, 1980 MHz, 1593 MHz, 22
2026/05/04 14:38:12.162, 113.68 W, 1980 MHz, 1593 MHz, 22
2026/05/04 14:38:12.362, 113.67 W, 1980 MHz, 1593 MHz, 22
2026/05/04 14:38:12.562, 113.63 W, 1980 MHz, 1593 MHz, 22
2026/05/04 14:38:12.762, 113.65 W, 1980 MHz, 1593 MHz, 22
2026/05/04 14:38:12.962, 113.76 W, 1980 MHz, 1593 MHz, 22
2026/05/04 14:38:13.162, 113.65 W, 1980 MHz, 1593 MHz, 22
2026/05/04 14:38:13.362, 113.60 W, 1980 MHz, 1593 MHz, 22
2026/05/04 14:38:13.562, 113.73 W, 1980 MHz, 1593 MHz, 22
2026/05/04 14:38:13.762, 113.61 W, 1980 MHz, 1593 MHz, 22
2026/05/04 14:38:13.962, 113.57 W, 1980 MHz, 1593 MHz, 22
2026/05/04 14:38:14.162, 113.64 W, 1980 MHz, 1593 MHz, 22
2026/05/04 14:38:14.363, 113.67 W, 1980 MHz, 1593 MHz, 22
2026/05/04 14:38:14.563, 113.58 W, 1980 MHz, 1593 MHz, 22
2026/05/04 14:38:14.763, 113.66 W, 1980 MHz, 1593 MHz, 22
2026/05/04 14:38:14.963, 113.71 W, 1980 MHz, 1593 MHz, 22
2026/05/04 14:38:15.163, 113.58 W, 1980 MHz, 1593 MHz, 22
2026/05/04 14:38:15.363, 113.67 W, 1980 MHz, 1593 MHz, 22
2026/05/04 14:38:15.563, 113.71 W, 1980 MHz, 1593 MHz, 22
2026/05/04 14:38:15.763, 113.63 W, 1980 MHz, 1593 MHz, 22
2026/05/04 14:38:15.963, 113.64 W, 1980 MHz, 1593 MHz, 22
2026/05/04 14:38:16.163, 113.77 W, 1980 MHz, 1593 MHz, 22
2026/05/04 14:38:16.363, 113.67 W, 1980 MHz, 1593 MHz, 22
2026/05/04 14:38:16.563, 113.63 W, 1980 MHz, 1593 MHz, 22
2026/05/04 14:38:16.763, 113.77 W, 1980 MHz, 1593 MHz, 22
2026/05/04 14:38:16.963, 113.73 W, 1980 MHz, 1593 MHz, 22
2026/05/04 14:38:17.163, 113.64 W, 1980 MHz, 1593 MHz, 22
2026/05/04 14:38:17.363, 113.77 W, 1980 MHz, 1593 MHz, 22
2026/05/04 14:38:17.564, 113.72 W, 1980 MHz, 1593 MHz, 22
2026/05/04 14:38:17.764, 113.65 W, 1980 MHz, 1593 MHz, 22
2026/05/04 14:38:17.964, 113.69 W, 1980 MHz, 1593 MHz, 22
2026/05/04 14:38:18.164, 113.64 W, 1980 MHz, 1593 MHz, 22
2026/05/04 14:38:18.364, 113.62 W, 1980 MHz, 1593 MHz, 22
2026/05/04 14:38:18.564, 113.73 W, 1980 MHz, 1593 MHz, 22
2026/05/04 14:38:18.764, 113.60 W, 1980 MHz, 1593 MHz, 22
2026/05/04 14:38:18.964, 113.57 W, 1980 MHz, 1593 MHz, 22
2026/05/04 14:38:19.164, 113.68 W, 1980 MHz, 1593 MHz, 22
2026/05/04 14:38:19.364, 113.59 W, 1980 MHz, 1593 MHz, 22
2026/05/04 14:38:19.564, 113.57 W, 1980 MHz, 1593 MHz, 22
2026/05/04 14:38:19.764, 113.65 W, 1980 MHz, 1593 MHz, 22
2026/05/04 14:38:19.964, 113.63 W, 1980 MHz, 1593 MHz, 22
2026/05/04 14:38:20.164, 113.58 W, 1980 MHz, 1593 MHz, 22
2026/05/04 14:38:20.364, 113.62 W, 1980 MHz, 1593 MHz, 22
2026/05/04 14:38:20.565, 113.68 W, 1980 MHz, 1593 MHz, 22
2026/05/04 14:38:20.765, 113.56 W, 1980 MHz, 1593 MHz, 22
2026/05/04 14:38:20.965, 113.64 W, 1980 MHz, 1593 MHz, 22
2026/05/04 14:38:21.165, 113.65 W, 1980 MHz, 1593 MHz, 22
2026/05/04 14:38:21.365, 113.53 W, 1980 MHz, 1593 MHz, 22
2026/05/04 14:38:21.565, 113.59 W, 1980 MHz, 1593 MHz, 22
2026/05/04 14:38:21.765, 113.68 W, 1980 MHz, 1593 MHz, 22
2026/05/04 14:38:21.965, 113.59 W, 1980 MHz, 1593 MHz, 22
2026/05/04 14:38:22.165, 113.54 W, 1980 MHz, 1593 MHz, 22
2026/05/04 14:38:22.365, 113.67 W, 1980 MHz, 1593 MHz, 22
2026/05/04 14:38:22.565, 113.62 W, 1980 MHz, 1593 MHz, 22
2026/05/04 14:38:22.765, 113.56 W, 1980 MHz, 1593 MHz, 22
2026/05/04 14:38:22.965, 113.68 W, 1980 MHz, 1593 MHz, 22
2026/05/04 14:38:23.165, 113.60 W, 1980 MHz, 1593 MHz, 22
2026/05/04 14:38:23.365, 113.57 W, 1980 MHz, 1593 MHz, 22
2026/05/04 14:38:23.565, 113.66 W, 1980 MHz, 1593 MHz, 22
2026/05/04 14:38:23.766, 113.58 W, 1980 MHz, 1593 MHz, 22
2026/05/04 14:38:23.966, 113.62 W, 1980 MHz, 1593 MHz, 22
2026/05/04 14:38:24.166, 113.68 W, 1980 MHz, 1593 MHz, 22
2026/05/04 14:38:24.366, 113.57 W, 1980 MHz, 1593 MHz, 22
2026/05/04 14:38:24.566, 113.58 W, 1980 MHz, 1593 MHz, 22
2026/05/04 14:38:24.766, 113.68 W, 1980 MHz, 1593 MHz, 22
2026/05/04 14:38:24.966, 113.60 W, 1980 MHz, 1593 MHz, 22
2026/05/04 14:38:25.166, 113.56 W, 1980 MHz, 1593 MHz, 22
2026/05/04 14:38:25.366, 113.66 W, 1980 MHz, 1593 MHz, 22
2026/05/04 14:38:25.566, 113.61 W, 1980 MHz, 1593 MHz, 22
2026/05/04 14:38:25.766, 113.57 W, 1980 MHz, 1593 MHz, 22
2026/05/04 14:38:25.966, 113.64 W, 1980 MHz, 1593 MHz, 22
2026/05/04 14:38:26.166, 113.68 W, 1980 MHz, 1593 MHz, 22
2026/05/04 14:38:26.366, 113.56 W, 1980 MHz, 1593 MHz, 22
2026/05/04 14:38:26.567, 113.62 W, 1980 MHz, 1593 MHz, 22
2026/05/04 14:38:26.767, 113.68 W, 1980 MHz, 1593 MHz, 22
2026/05/04 14:38:26.967, 113.57 W, 1980 MHz, 1593 MHz, 22
2026/05/04 14:38:27.167, 113.58 W, 1980 MHz, 1593 MHz, 22
2026/05/04 14:38:27.367, 113.67 W, 1980 MHz, 1593 MHz, 22
2026/05/04 14:38:27.567, 113.57 W, 1980 MHz, 1593 MHz, 22
2026/05/04 14:38:27.767, 113.55 W, 1980 MHz, 1593 MHz, 22
2026/05/04 14:38:27.967, 113.64 W, 1980 MHz, 1593 MHz, 22
2026/05/04 14:38:28.167, 113.54 W, 1980 MHz, 1593 MHz, 22
2026/05/04 14:38:28.367, 113.63 W, 1980 MHz, 1593 MHz, 22
2026/05/04 14:38:28.567, 113.66 W, 1980 MHz, 1593 MHz, 22
2026/05/04 14:38:28.767, 113.53 W, 1980 MHz, 1593 MHz, 22
2026/05/04 14:38:28.967, 113.62 W, 1980 MHz, 1593 MHz, 22
2026/05/04 14:38:29.167, 113.67 W, 1980 MHz, 1593 MHz, 22
2026/05/04 14:38:29.367, 113.57 W, 1980 MHz, 1593 MHz, 22
2026/05/04 14:38:29.568, 113.57 W, 1980 MHz, 1593 MHz, 22
2026/05/04 14:38:29.768, 113.70 W, 1980 MHz, 1593 MHz, 22
2026/05/04 14:38:29.968, 113.62 W, 1980 MHz, 1593 MHz, 22
2026/05/04 14:38:30.168, 113.56 W, 1980 MHz, 1593 MHz, 22
2026/05/04 14:38:30.368, 113.68 W, 1980 MHz, 1593 MHz, 22
2026/05/04 14:38:30.568, 113.64 W, 1980 MHz, 1593 MHz, 22
2026/05/04 14:38:30.768, 113.57 W, 1980 MHz, 1593 MHz, 22
2026/05/04 14:38:30.968, 113.67 W, 1980 MHz, 1593 MHz, 22
2026/05/04 14:38:31.168, 113.66 W, 1980 MHz, 1593 MHz, 22
2026/05/04 14:38:31.368, 113.57 W, 1980 MHz, 1593 MHz, 22
2026/05/04 14:38:31.568, 113.60 W, 1980 MHz, 1593 MHz, 22
2026/05/04 14:38:31.768, 113.67 W, 1980 MHz, 1593 MHz, 22
2026/05/04 14:38:31.968, 113.60 W, 1980 MHz, 1593 MHz, 22
2026/05/04 14:38:32.168, 113.63 W, 1980 MHz, 1593 MHz, 22
2026/05/04 14:38:32.368, 113.71 W, 1980 MHz, 1593 MHz, 22
2026/05/04 14:38:32.569, 113.60 W, 1980 MHz, 1593 MHz, 22
2026/05/04 14:38:32.769, 113.61 W, 1980 MHz, 1593 MHz, 22
2026/05/04 14:38:32.969, 113.72 W, 1980 MHz, 1593 MHz, 22
2026/05/04 14:38:33.169, 113.63 W, 1980 MHz, 1593 MHz, 22
2026/05/04 14:38:33.369, 113.56 W, 1980 MHz, 1593 MHz, 22
2026/05/04 14:38:33.569, 113.61 W, 1980 MHz, 1593 MHz, 22
2026/05/04 14:38:33.769, 113.53 W, 1980 MHz, 1593 MHz, 22
2026/05/04 14:38:33.969, 113.59 W, 1980 MHz, 1593 MHz, 22
2026/05/04 14:38:34.169, 113.61 W, 1980 MHz, 1593 MHz, 22
2026/05/04 14:38:34.369, 113.54 W, 1980 MHz, 1593 MHz, 22
2026/05/04 14:38:34.569, 113.62 W, 1980 MHz, 1593 MHz, 22
2026/05/04 14:38:34.769, 113.66 W, 1980 MHz, 1593 MHz, 22
2026/05/04 14:38:34.969, 113.56 W, 1980 MHz, 1593 MHz, 22
2026/05/04 14:38:35.169, 113.56 W, 1980 MHz, 1593 MHz, 22
2026/05/04 14:38:35.369, 113.68 W, 1980 MHz, 1593 MHz, 22
2026/05/04 14:38:35.570, 113.61 W, 1980 MHz, 1593 MHz, 22
2026/05/04 14:38:35.770, 113.56 W, 1980 MHz, 1593 MHz, 22
2026/05/04 14:38:35.970, 113.66 W, 1980 MHz, 1593 MHz, 22
2026/05/04 14:38:36.170, 113.59 W, 1980 MHz, 1593 MHz, 22
2026/05/04 14:38:36.370, 113.51 W, 1980 MHz, 1593 MHz, 22
2026/05/04 14:38:36.570, 113.57 W, 1980 MHz, 1593 MHz, 22
2026/05/04 14:38:36.770, 113.65 W, 1980 MHz, 1593 MHz, 22
2026/05/04 14:38:36.970, 113.52 W, 1980 MHz, 1593 MHz, 22
2026/05/04 14:38:37.170, 113.57 W, 1980 MHz, 1593 MHz, 22
2026/05/04 14:38:37.370, 113.68 W, 1980 MHz, 1593 MHz, 22
2026/05/04 14:38:37.570, 113.58 W, 1980 MHz, 1593 MHz, 22
2026/05/04 14:38:37.770, 113.58 W, 1980 MHz, 1593 MHz, 22
2026/05/04 14:38:37.970, 113.70 W, 1980 MHz, 1593 MHz, 22
2026/05/04 14:38:38.170, 113.59 W, 1980 MHz, 1593 MHz, 22
2026/05/04 14:38:38.370, 113.57 W, 1980 MHz, 1593 MHz, 22
2026/05/04 14:38:38.570, 113.63 W, 1980 MHz, 1593 MHz, 22
2026/05/04 14:38:38.771, 113.56 W, 1980 MHz, 1593 MHz, 22
2026/05/04 14:38:38.971, 113.65 W, 1980 MHz, 1593 MHz, 22
2026/05/04 14:38:39.171, 113.65 W, 1980 MHz, 1593 MHz, 22
2026/05/04 14:38:39.371, 113.56 W, 1980 MHz, 1593 MHz, 22
2026/05/04 14:38:39.571, 113.58 W, 1980 MHz, 1593 MHz, 22
2026/05/04 14:38:39.771, 113.67 W, 1980 MHz, 1593 MHz, 22
2026/05/04 14:38:39.971, 113.55 W, 1980 MHz, 1593 MHz, 22
2026/05/04 14:38:40.171, 113.60 W, 1980 MHz, 1593 MHz, 22
2026/05/04 14:38:40.371, 113.65 W, 1980 MHz, 1593 MHz, 22
2026/05/04 14:38:40.571, 113.58 W, 1980 MHz, 1593 MHz, 22
2026/05/04 14:38:40.771, 113.54 W, 1980 MHz, 1593 MHz, 22
2026/05/04 14:38:40.971, 113.63 W, 1980 MHz, 1593 MHz, 22
2026/05/04 14:38:41.171, 113.60 W, 1980 MHz, 1593 MHz, 22
2026/05/04 14:38:41.371, 113.56 W, 1980 MHz, 1593 MHz, 22
2026/05/04 14:38:41.571, 113.64 W, 1980 MHz, 1593 MHz, 22
2026/05/04 14:38:41.772, 113.70 W, 1980 MHz, 1593 MHz, 22
2026/05/04 14:38:41.972, 113.62 W, 1980 MHz, 1593 MHz, 22
2026/05/04 14:38:42.172, 113.64 W, 1980 MHz, 1593 MHz, 22
2026/05/04 14:38:42.372, 113.71 W, 1980 MHz, 1593 MHz, 22
2026/05/04 14:38:42.572, 113.62 W, 1980 MHz, 1593 MHz, 22
2026/05/04 14:38:42.772, 113.72 W, 1980 MHz, 1593 MHz, 22
2026/05/04 14:38:42.972, 113.62 W, 1980 MHz, 1593 MHz, 22
2026/05/04 14:38:43.172, 113.59 W, 1980 MHz, 1593 MHz, 22
2026/05/04 14:38:43.372, 113.69 W, 1980 MHz, 1593 MHz, 22
2026/05/04 14:38:43.572, 113.64 W, 1980 MHz, 1593 MHz, 22
2026/05/04 14:38:43.772, 113.57 W, 1980 MHz, 1593 MHz, 22
2026/05/04 14:38:43.972, 113.61 W, 1980 MHz, 1593 MHz, 22
2026/05/04 14:38:44.172, 113.64 W, 1980 MHz, 1593 MHz, 22
2026/05/04 14:38:44.372, 113.54 W, 1980 MHz, 1593 MHz, 22
2026/05/04 14:38:44.572, 113.62 W, 1980 MHz, 1593 MHz, 22
2026/05/04 14:38:44.772, 113.68 W, 1980 MHz, 1593 MHz, 22
2026/05/04 14:38:44.973, 113.56 W, 1980 MHz, 1593 MHz, 22
2026/05/04 14:38:45.173, 113.59 W, 1980 MHz, 1593 MHz, 22
2026/05/04 14:38:45.373, 113.68 W, 1980 MHz, 1593 MHz, 22
2026/05/04 14:38:45.573, 113.59 W, 1980 MHz, 1593 MHz, 22
2026/05/04 14:38:45.773, 113.54 W, 1980 MHz, 1593 MHz, 22
2026/05/04 14:38:45.973, 113.67 W, 1980 MHz, 1593 MHz, 22
2026/05/04 14:38:46.173, 113.62 W, 1980 MHz, 1593 MHz, 22
2026/05/04 14:38:46.373, 113.52 W, 1980 MHz, 1593 MHz, 22
2026/05/04 14:38:46.573, 113.59 W, 1980 MHz, 1593 MHz, 22
2026/05/04 14:38:46.773, 113.61 W, 1980 MHz, 1593 MHz, 22
2026/05/04 14:38:46.973, 113.54 W, 1980 MHz, 1593 MHz, 22
2026/05/04 14:38:47.173, 113.61 W, 1980 MHz, 1593 MHz, 22
2026/05/04 14:38:47.373, 113.66 W, 1980 MHz, 1593 MHz, 22
2026/05/04 14:38:47.573, 113.62 W, 1980 MHz, 1593 MHz, 22
2026/05/04 14:38:47.773, 113.70 W, 1980 MHz, 1593 MHz, 22
2026/05/04 14:38:47.974, 113.60 W, 1980 MHz, 1593 MHz, 22
2026/05/04 14:38:48.174, 113.59 W, 1980 MHz, 1593 MHz, 22
2026/05/04 14:38:48.374, 113.69 W, 1980 MHz, 1593 MHz, 22
2026/05/04 14:38:48.574, 113.65 W, 1980 MHz, 1593 MHz, 22
2026/05/04 14:38:48.774, 113.58 W, 1980 MHz, 1593 MHz, 22
2026/05/04 14:38:48.974, 113.66 W, 1980 MHz, 1593 MHz, 22
2026/05/04 14:38:49.174, 113.66 W, 1980 MHz, 1593 MHz, 22
2026/05/04 14:38:49.374, 113.56 W, 1980 MHz, 1593 MHz, 22
2026/05/04 14:38:49.574, 113.61 W, 1980 MHz, 1593 MHz, 22
2026/05/04 14:38:49.774, 113.67 W, 1980 MHz, 1593 MHz, 22
2026/05/04 14:38:49.974, 113.55 W, 1980 MHz, 1593 MHz, 22
2026/05/04 14:38:50.174, 113.62 W, 1980 MHz, 1593 MHz, 22
2026/05/04 14:38:50.374, 113.70 W, 1980 MHz, 1593 MHz, 22
2026/05/04 14:38:50.574, 113.58 W, 1980 MHz, 1593 MHz, 22
2026/05/04 14:38:50.774, 113.57 W, 1980 MHz, 1593 MHz, 22
2026/05/04 14:38:50.975, 113.68 W, 1980 MHz, 1593 MHz, 22
2026/05/04 14:38:51.175, 113.60 W, 1980 MHz, 1593 MHz, 22
2026/05/04 14:38:51.375, 113.55 W, 1980 MHz, 1593 MHz, 22
2026/05/04 14:38:51.575, 113.67 W, 1980 MHz, 1593 MHz, 22
2026/05/04 14:38:51.775, 113.66 W, 1980 MHz, 1593 MHz, 22
2026/05/04 14:38:51.975, 113.63 W, 1980 MHz, 1593 MHz, 22
2026/05/04 14:38:52.175, 113.63 W, 1980 MHz, 1593 MHz, 22
2026/05/04 14:38:52.375, 113.58 W, 1980 MHz, 1593 MHz, 22
2026/05/04 14:38:52.575, 113.61 W, 1980 MHz, 1593 MHz, 22
2026/05/04 14:38:52.775, 113.69 W, 1980 MHz, 1593 MHz, 22
2026/05/04 14:38:52.975, 113.59 W, 1980 MHz, 1593 MHz, 22
2026/05/04 14:38:53.175, 113.58 W, 1980 MHz, 1593 MHz, 22
2026/05/04 14:38:53.375, 113.68 W, 1980 MHz, 1593 MHz, 22
2026/05/04 14:38:53.575, 113.63 W, 1980 MHz, 1593 MHz, 22
2026/05/04 14:38:53.775, 113.59 W, 1980 MHz, 1593 MHz, 22
2026/05/04 14:38:53.975, 113.69 W, 1980 MHz, 1593 MHz, 22
2026/05/04 14:38:54.176, 113.62 W, 1980 MHz, 1593 MHz, 22
2026/05/04 14:38:54.376, 113.59 W, 1980 MHz, 1593 MHz, 22
2026/05/04 14:38:54.576, 113.65 W, 1980 MHz, 1593 MHz, 22
2026/05/04 14:38:54.776, 113.66 W, 1980 MHz, 1593 MHz, 22
2026/05/04 14:38:54.976, 113.57 W, 1980 MHz, 1593 MHz, 22
2026/05/04 14:38:55.176, 113.63 W, 1980 MHz, 1593 MHz, 22
2026/05/04 14:38:55.376, 113.67 W, 1980 MHz, 1593 MHz, 22
2026/05/04 14:38:55.576, 113.57 W, 1980 MHz, 1593 MHz, 22
2026/05/04 14:38:55.776, 113.60 W, 1980 MHz, 1593 MHz, 22
2026/05/04 14:38:55.976, 113.69 W, 1980 MHz, 1593 MHz, 22
2026/05/04 14:38:56.176, 113.63 W, 1980 MHz, 1593 MHz, 22
2026/05/04 14:38:56.376, 113.58 W, 1980 MHz, 1593 MHz, 22
2026/05/04 14:38:56.576, 113.71 W, 1980 MHz, 1593 MHz, 22
2026/05/04 14:38:56.776, 113.67 W, 1980 MHz, 1593 MHz, 22
2026/05/04 14:38:56.976, 113.60 W, 1980 MHz, 1593 MHz, 22
2026/05/04 14:38:57.177, 113.65 W, 1980 MHz, 1593 MHz, 22
2026/05/04 14:38:57.377, 113.67 W, 1980 MHz, 1593 MHz, 22
2026/05/04 14:38:57.577, 113.66 W, 1980 MHz, 1593 MHz, 22
2026/05/04 14:38:57.777, 113.69 W, 1980 MHz, 1593 MHz, 22
2026/05/04 14:38:57.977, 113.59 W, 1980 MHz, 1593 MHz, 22
2026/05/04 14:38:58.177, 113.64 W, 1980 MHz, 1593 MHz, 22
2026/05/04 14:38:58.377, 113.70 W, 1980 MHz, 1593 MHz, 22
2026/05/04 14:38:58.577, 113.62 W, 1980 MHz, 1593 MHz, 22
2026/05/04 14:38:58.777, 113.59 W, 1980 MHz, 1593 MHz, 22
2026/05/04 14:38:58.977, 113.69 W, 1980 MHz, 1593 MHz, 22
2026/05/04 14:38:59.177, 113.63 W, 1980 MHz, 1593 MHz, 22
2026/05/04 14:38:59.377, 113.59 W, 1980 MHz, 1593 MHz, 22
2026/05/04 14:38:59.577, 113.67 W, 1980 MHz, 1593 MHz, 22
2026/05/04 14:38:59.777, 113.68 W, 1980 MHz, 1593 MHz, 22
2026/05/04 14:38:59.977, 113.60 W, 1980 MHz, 1593 MHz, 22
2026/05/04 14:39:00.177, 113.65 W, 1980 MHz, 1593 MHz, 22
2026/05/04 14:39:00.378, 113.68 W, 1980 MHz, 1593 MHz, 22
2026/05/04 14:39:00.578, 113.60 W, 1980 MHz, 1593 MHz, 22
2026/05/04 14:39:00.778, 113.60 W, 1980 MHz, 1593 MHz, 22
2026/05/04 14:39:00.978, 113.69 W, 1980 MHz, 1593 MHz, 22
2026/05/04 14:39:01.178, 113.64 W, 1980 MHz, 1593 MHz, 22
2026/05/04 14:39:01.378, 113.61 W, 1980 MHz, 1593 MHz, 22
2026/05/04 14:39:01.578, 113.69 W, 1980 MHz, 1593 MHz, 22
2026/05/04 14:39:01.778, 113.58 W, 1980 MHz, 1593 MHz, 22
2026/05/04 14:39:01.978, 113.69 W, 1980 MHz, 1593 MHz, 22
2026/05/04 14:39:02.178, 113.69 W, 1980 MHz, 1593 MHz, 22
2026/05/04 14:39:02.378, 113.66 W, 1980 MHz, 1593 MHz, 22
2026/05/04 14:39:02.578, 113.58 W, 1980 MHz, 1593 MHz, 22
2026/05/04 14:39:02.778, 113.66 W, 1980 MHz, 1593 MHz, 22
2026/05/04 14:39:02.978, 113.57 W, 1980 MHz, 1593 MHz, 22
2026/05/04 14:39:03.178, 113.58 W, 1980 MHz, 1593 MHz, 22
2026/05/04 14:39:03.379, 113.68 W, 1980 MHz, 1593 MHz, 22
2026/05/04 14:39:03.579, 113.65 W, 1980 MHz, 1593 MHz, 22
2026/05/04 14:39:03.779, 113.62 W, 1980 MHz, 1593 MHz, 22
2026/05/04 14:39:03.979, 113.74 W, 1980 MHz, 1593 MHz, 22
2026/05/04 14:39:04.179, 113.67 W, 1980 MHz, 1593 MHz, 22
2026/05/04 14:39:04.379, 113.59 W, 1980 MHz, 1593 MHz, 22
2026/05/04 14:39:04.579, 113.68 W, 1980 MHz, 1593 MHz, 22
2026/05/04 14:39:04.779, 113.67 W, 1980 MHz, 1593 MHz, 22
2026/05/04 14:39:04.979, 113.58 W, 1980 MHz, 1593 MHz, 22
2026/05/04 14:39:05.179, 113.64 W, 1980 MHz, 1593 MHz, 22
2026/05/04 14:39:05.379, 113.71 W, 1980 MHz, 1593 MHz, 22
2026/05/04 14:39:05.579, 113.62 W, 1980 MHz, 1593 MHz, 22
2026/05/04 14:39:05.779, 113.62 W, 1980 MHz, 1593 MHz, 22
2026/05/04 14:39:05.979, 113.70 W, 1980 MHz, 1593 MHz, 22
2026/05/04 14:39:06.179, 113.61 W, 1980 MHz, 1593 MHz, 22
2026/05/04 14:39:06.380, 113.66 W, 1980 MHz, 1593 MHz, 22
2026/05/04 14:39:06.580, 113.67 W, 1980 MHz, 1593 MHz, 22
2026/05/04 14:39:06.780, 113.64 W, 1980 MHz, 1593 MHz, 22
2026/05/04 14:39:06.980, 113.65 W, 1980 MHz, 1593 MHz, 22
2026/05/04 14:39:07.180, 113.66 W, 1980 MHz, 1593 MHz, 22
2026/05/04 14:39:07.380, 113.58 W, 1980 MHz, 1593 MHz, 22
2026/05/04 14:39:07.580, 113.63 W, 1980 MHz, 1593 MHz, 22
2026/05/04 14:39:07.780, 113.67 W, 1980 MHz, 1593 MHz, 22
2026/05/04 14:39:07.980, 113.57 W, 1980 MHz, 1593 MHz, 22
2026/05/04 14:39:08.180, 113.60 W, 1980 MHz, 1593 MHz, 22
2026/05/04 14:39:08.380, 113.71 W, 1980 MHz, 1593 MHz, 22
2026/05/04 14:39:08.580, 113.62 W, 1980 MHz, 1593 MHz, 22
2026/05/04 14:39:08.780, 113.63 W, 1980 MHz, 1593 MHz, 22
2026/05/04 14:39:08.980, 113.71 W, 1980 MHz, 1593 MHz, 22
2026/05/04 14:39:09.180, 113.69 W, 1980 MHz, 1593 MHz, 22
2026/05/04 14:39:09.380, 113.60 W, 1980 MHz, 1593 MHz, 22
2026/05/04 14:39:09.581, 113.65 W, 1980 MHz, 1593 MHz, 22
2026/05/04 14:39:09.781, 113.69 W, 1980 MHz, 1593 MHz, 22
2026/05/04 14:39:09.981, 113.60 W, 1980 MHz, 1593 MHz, 22
2026/05/04 14:39:10.181, 113.63 W, 1980 MHz, 1593 MHz, 22
2026/05/04 14:39:10.381, 113.68 W, 1980 MHz, 1593 MHz, 22
2026/05/04 14:39:10.581, 113.61 W, 1980 MHz, 1593 MHz, 22
2026/05/04 14:39:10.781, 113.61 W, 1980 MHz, 1593 MHz, 22
2026/05/04 14:39:10.981, 113.69 W, 1980 MHz, 1593 MHz, 22
2026/05/04 14:39:11.181, 113.61 W, 1980 MHz, 1593 MHz, 22
2026/05/04 14:39:11.381, 113.59 W, 1980 MHz, 1593 MHz, 22
2026/05/04 14:39:11.581, 113.69 W, 1980 MHz, 1593 MHz, 22
2026/05/04 14:39:11.781, 113.65 W, 1980 MHz, 1593 MHz, 22
2026/05/04 14:39:11.981, 113.69 W, 1980 MHz, 1593 MHz, 22
2026/05/04 14:39:12.181, 113.66 W, 1980 MHz, 1593 MHz, 22
2026/05/04 14:39:12.381, 113.61 W, 1980 MHz, 1593 MHz, 22
2026/05/04 14:39:12.582, 113.65 W, 1980 MHz, 1593 MHz, 22
2026/05/04 14:39:12.782, 113.69 W, 1980 MHz, 1593 MHz, 22
2026/05/04 14:39:12.982, 113.60 W, 1980 MHz, 1593 MHz, 22
2026/05/04 14:39:13.182, 113.65 W, 1980 MHz, 1593 MHz, 22
2026/05/04 14:39:13.382, 113.70 W, 1980 MHz, 1593 MHz, 22
2026/05/04 14:39:13.582, 113.63 W, 1980 MHz, 1593 MHz, 22
2026/05/04 14:39:13.782, 113.65 W, 1980 MHz, 1593 MHz, 22
2026/05/04 14:39:13.982, 113.72 W, 1980 MHz, 1593 MHz, 22
2026/05/04 14:39:14.182, 113.65 W, 1980 MHz, 1593 MHz, 22
2026/05/04 14:39:14.382, 113.62 W, 1980 MHz, 1593 MHz, 22
2026/05/04 14:39:14.582, 113.71 W, 1980 MHz, 1593 MHz, 22
2026/05/04 14:39:14.782, 113.65 W, 1980 MHz, 1593 MHz, 22
2026/05/04 14:39:14.982, 113.60 W, 1980 MHz, 1593 MHz, 22
2026/05/04 14:39:15.182, 113.88 W, 1980 MHz, 1593 MHz, 22
2026/05/04 14:39:15.382, 115.59 W, 1980 MHz, 1593 MHz, 22
2026/05/04 14:39:15.582, 117.01 W, 1980 MHz, 1593 MHz, 22
2026/05/04 14:39:15.783, 118.34 W, 1980 MHz, 1593 MHz, 22
2026/05/04 14:39:15.983, 118.54 W, 1980 MHz, 1593 MHz, 22
2026/05/04 14:39:16.183, 118.10 W, 1980 MHz, 1593 MHz, 22
2026/05/04 14:39:16.383, 116.68 W, 1980 MHz, 1593 MHz, 22
2026/05/04 14:39:16.583, 115.16 W, 1980 MHz, 1593 MHz, 22
2026/05/04 14:39:16.783, 113.68 W, 1980 MHz, 1593 MHz, 22
2026/05/04 14:39:16.983, 113.64 W, 1980 MHz, 1593 MHz, 22
2026/05/04 14:39:17.183, 113.73 W, 1980 MHz, 1593 MHz, 22
2026/05/04 14:39:17.383, 113.70 W, 1980 MHz, 1593 MHz, 22
2026/05/04 14:39:17.583, 113.63 W, 1980 MHz, 1593 MHz, 22
2026/05/04 14:39:17.783, 113.71 W, 1980 MHz, 1593 MHz, 22
2026/05/04 14:39:17.983, 113.64 W, 1980 MHz, 1593 MHz, 22
2026/05/04 14:39:18.183, 113.68 W, 1980 MHz, 1593 MHz, 22
2026/05/04 14:39:18.383, 113.71 W, 1980 MHz, 1593 MHz, 22
2026/05/04 14:39:18.583, 113.62 W, 1980 MHz, 1593 MHz, 22
2026/05/04 14:39:18.784, 113.64 W, 1980 MHz, 1593 MHz, 22
2026/05/04 14:39:18.984, 113.70 W, 1980 MHz, 1593 MHz, 22
2026/05/04 14:39:19.184, 113.61 W, 1980 MHz, 1593 MHz, 22
2026/05/04 14:39:19.384, 113.65 W, 1980 MHz, 1593 MHz, 22
2026/05/04 14:39:19.584, 113.71 W, 1980 MHz, 1593 MHz, 22
2026/05/04 14:39:19.784, 113.65 W, 1980 MHz, 1593 MHz, 22
2026/05/04 14:39:19.984, 113.63 W, 1980 MHz, 1593 MHz, 22
2026/05/04 14:39:20.184, 113.71 W, 1980 MHz, 1593 MHz, 22
2026/05/04 14:39:20.384, 113.68 W, 1980 MHz, 1593 MHz, 22
2026/05/04 14:39:20.584, 113.62 W, 1980 MHz, 1593 MHz, 22
2026/05/04 14:39:20.784, 113.67 W, 1980 MHz, 1593 MHz, 22
2026/05/04 14:39:20.984, 113.71 W, 1980 MHz, 1593 MHz, 22
2026/05/04 14:39:21.184, 113.60 W, 1980 MHz, 1593 MHz, 22
2026/05/04 14:39:21.384, 113.67 W, 1980 MHz, 1593 MHz, 22
2026/05/04 14:39:21.584, 113.71 W, 1980 MHz, 1593 MHz, 22
2026/05/04 14:39:21.784, 113.62 W, 1980 MHz, 1593 MHz, 22
2026/05/04 14:39:21.985, 113.64 W, 1980 MHz, 1593 MHz, 22
2026/05/04 14:39:22.185, 113.69 W, 1980 MHz, 1593 MHz, 22
2026/05/04 14:39:22.385, 113.61 W, 1980 MHz, 1593 MHz, 22
2026/05/04 14:39:22.585, 113.57 W, 1980 MHz, 1593 MHz, 22
2026/05/04 14:39:22.785, 113.65 W, 1980 MHz, 1593 MHz, 22
2026/05/04 14:39:22.985, 113.66 W, 1980 MHz, 1593 MHz, 22
2026/05/04 14:39:23.185, 113.60 W, 1980 MHz, 1593 MHz, 22
2026/05/04 14:39:23.385, 113.78 W, 1980 MHz, 1593 MHz, 22
2026/05/04 14:39:23.585, 113.71 W, 1980 MHz, 1593 MHz, 22
2026/05/04 14:39:23.785, 113.74 W, 1980 MHz, 1593 MHz, 22
2026/05/04 14:39:23.985, 113.77 W, 1980 MHz, 1593 MHz, 22
2026/05/04 14:39:24.185, 113.68 W, 1980 MHz, 1593 MHz, 22
2026/05/04 14:39:24.385, 113.59 W, 1980 MHz, 1593 MHz, 22
2026/05/04 14:39:24.585, 113.65 W, 1980 MHz, 1593 MHz, 22
2026/05/04 14:39:24.785, 113.58 W, 1980 MHz, 1593 MHz, 22
2026/05/04 14:39:24.986, 113.58 W, 1980 MHz, 1593 MHz, 22
2026/05/04 14:39:25.186, 113.67 W, 1980 MHz, 1593 MHz, 22
2026/05/04 14:39:25.386, 113.62 W, 1980 MHz, 1593 MHz, 22
2026/05/04 14:39:25.586, 113.58 W, 1980 MHz, 1593 MHz, 22
2026/05/04 14:39:25.786, 113.65 W, 1980 MHz, 1593 MHz, 22
2026/05/04 14:39:25.986, 113.67 W, 1980 MHz, 1593 MHz, 22
2026/05/04 14:39:26.186, 113.57 W, 1980 MHz, 1593 MHz, 22
2026/05/04 14:39:26.386, 113.62 W, 1980 MHz, 1593 MHz, 22
2026/05/04 14:39:26.586, 113.69 W, 1980 MHz, 1593 MHz, 22
2026/05/04 14:39:26.786, 113.61 W, 1980 MHz, 1593 MHz, 22
2026/05/04 14:39:26.986, 113.63 W, 1980 MHz, 1593 MHz, 22
2026/05/04 14:39:27.186, 113.70 W, 1980 MHz, 1593 MHz, 22
2026/05/04 14:39:27.386, 113.64 W, 1980 MHz, 1593 MHz, 22
2026/05/04 14:39:27.586, 113.62 W, 1980 MHz, 1593 MHz, 22
2026/05/04 14:39:27.786, 113.68 W, 1980 MHz, 1593 MHz, 22
2026/05/04 14:39:27.987, 113.66 W, 1980 MHz, 1593 MHz, 22
2026/05/04 14:39:28.187, 113.60 W, 1980 MHz, 1593 MHz, 22
2026/05/04 14:39:28.387, 113.65 W, 1980 MHz, 1593 MHz, 22
2026/05/04 14:39:28.587, 113.59 W, 1980 MHz, 1593 MHz, 22
2026/05/04 14:39:28.787, 113.64 W, 1980 MHz, 1593 MHz, 22
2026/05/04 14:39:28.987, 113.70 W, 1980 MHz, 1593 MHz, 22
2026/05/04 14:39:29.187, 113.61 W, 1980 MHz, 1593 MHz, 22
2026/05/04 14:39:29.387, 113.64 W, 1980 MHz, 1593 MHz, 22
2026/05/04 14:39:29.587, 113.72 W, 1980 MHz, 1593 MHz, 22
2026/05/04 14:39:29.787, 113.64 W, 1980 MHz, 1593 MHz, 22
2026/05/04 14:39:29.987, 113.61 W, 1980 MHz, 1593 MHz, 22
2026/05/04 14:39:30.187, 113.68 W, 1980 MHz, 1593 MHz, 22
2026/05/04 14:39:30.387, 113.61 W, 1980 MHz, 1593 MHz, 22
2026/05/04 14:39:30.587, 113.57 W, 1980 MHz, 1593 MHz, 22
2026/05/04 14:39:30.787, 113.64 W, 1980 MHz, 1593 MHz, 22
2026/05/04 14:39:30.987, 113.76 W, 1980 MHz, 1593 MHz, 22
2026/05/04 14:39:31.188, 113.68 W, 1980 MHz, 1593 MHz, 22
2026/05/04 14:39:31.388, 114.07 W, 1980 MHz, 1593 MHz, 22
2026/05/04 14:39:31.588, 115.77 W, 1980 MHz, 1593 MHz, 22
2026/05/04 14:39:31.788, 129.21 W, 1980 MHz, 1593 MHz, 24
2026/05/04 14:39:31.988, 163.42 W, 1980 MHz, 1593 MHz, 28
2026/05/04 14:39:32.188, 231.25 W, 1980 MHz, 1593 MHz, 26
2026/05/04 14:39:32.388, 233.28 W, 1980 MHz, 1593 MHz, 24
2026/05/04 14:39:32.588, 235.71 W, 1980 MHz, 1593 MHz, 24
2026/05/04 14:39:32.788, 261.86 W, 1980 MHz, 1593 MHz, 29
2026/05/04 14:39:32.988, 269.53 W, 1980 MHz, 1593 MHz, 29
2026/05/04 14:39:33.188, 239.00 W, 1980 MHz, 1593 MHz, 27
2026/05/04 14:39:33.388, 255.61 W, 1980 MHz, 1593 MHz, 26
2026/05/04 14:39:33.588, 314.18 W, 1980 MHz, 1593 MHz, 30
2026/05/04 14:39:33.788, 301.66 W, 1980 MHz, 1593 MHz, 28
2026/05/04 14:39:33.988, 294.14 W, 1980 MHz, 1593 MHz, 29
2026/05/04 14:39:34.189, 305.42 W, 1980 MHz, 1593 MHz, 31
2026/05/04 14:39:34.389, 348.05 W, 1980 MHz, 1593 MHz, 27
2026/05/04 14:39:34.589, 284.04 W, 1980 MHz, 1593 MHz, 26
2026/05/04 14:39:34.789, 258.54 W, 1980 MHz, 1593 MHz, 25
2026/05/04 14:39:34.989, 203.03 W, 1980 MHz, 1593 MHz, 25
2026/05/04 14:39:35.189, 165.18 W, 1980 MHz, 1593 MHz, 24
2026/05/04 14:39:35.389, 119.47 W, 1980 MHz, 1593 MHz, 24
2026/05/04 14:39:35.589, 117.19 W, 1980 MHz, 1593 MHz, 24
2026/05/04 14:39:35.789, 115.47 W, 1980 MHz, 1593 MHz, 23
2026/05/04 14:39:35.989, 114.74 W, 1980 MHz, 1593 MHz, 23
2026/05/04 14:39:36.189, 114.33 W, 1980 MHz, 1593 MHz, 23
2026/05/04 14:39:36.389, 114.30 W, 1980 MHz, 1593 MHz, 23
2026/05/04 14:39:36.589, 114.22 W, 1980 MHz, 1593 MHz, 23
2026/05/04 14:39:36.789, 114.08 W, 1980 MHz, 1593 MHz, 23
2026/05/04 14:39:36.989, 114.08 W, 1980 MHz, 1593 MHz, 23
2026/05/04 14:39:37.190, 114.05 W, 1980 MHz, 1593 MHz, 23
2026/05/04 14:39:37.390, 113.94 W, 1980 MHz, 1593 MHz, 23
2026/05/04 14:39:37.590, 113.94 W, 1980 MHz, 1593 MHz, 22
2026/05/04 14:39:37.790, 113.96 W, 1980 MHz, 1593 MHz, 22
2026/05/04 14:39:37.990, 113.91 W, 1980 MHz, 1593 MHz, 22
2026/05/04 14:39:38.190, 113.86 W, 1980 MHz, 1593 MHz, 22
2026/05/04 14:39:38.390, 113.90 W, 1980 MHz, 1593 MHz, 22
2026/05/04 14:39:38.590, 113.86 W, 1980 MHz, 1593 MHz, 22
2026/05/04 14:39:38.790, 113.79 W, 1980 MHz, 1593 MHz, 22
2026/05/04 14:39:38.990, 113.85 W, 1980 MHz, 1593 MHz, 22
2026/05/04 14:39:39.190, 113.83 W, 1980 MHz, 1593 MHz, 22
2026/05/04 14:39:39.390, 113.77 W, 1980 MHz, 1593 MHz, 22
2026/05/04 14:39:39.590, 113.79 W, 1980 MHz, 1593 MHz, 22
2026/05/04 14:39:39.790, 113.84 W, 1980 MHz, 1593 MHz, 22
2026/05/04 14:39:39.990, 113.78 W, 1980 MHz, 1593 MHz, 22
2026/05/04 14:39:40.191, 113.84 W, 1980 MHz, 1593 MHz, 22
2026/05/04 14:39:40.391, 113.78 W, 1980 MHz, 1593 MHz, 22
2026/05/04 14:39:40.591, 113.76 W, 1980 MHz, 1593 MHz, 22
2026/05/04 14:39:40.791, 113.79 W, 1980 MHz, 1593 MHz, 22
2026/05/04 14:39:40.991, 113.78 W, 1980 MHz, 1593 MHz, 22
2026/05/04 14:39:41.191, 113.68 W, 1980 MHz, 1593 MHz, 22
2026/05/04 14:39:41.391, 113.71 W, 1980 MHz, 1593 MHz, 22
2026/05/04 14:39:41.591, 113.76 W, 1980 MHz, 1593 MHz, 22
2026/05/04 14:39:41.791, 113.71 W, 1980 MHz, 1593 MHz, 22
2026/05/04 14:39:41.991, 113.71 W, 1980 MHz, 1593 MHz, 22
2026/05/04 14:39:42.191, 113.78 W, 1980 MHz, 1593 MHz, 22
2026/05/04 14:39:42.391, 113.76 W, 1980 MHz, 1593 MHz, 22
2026/05/04 14:39:42.591, 113.71 W, 1980 MHz, 1593 MHz, 22
2026/05/04 14:39:42.791, 113.79 W, 1980 MHz, 1593 MHz, 22
2026/05/04 14:39:42.991, 113.78 W, 1980 MHz, 1593 MHz, 22
2026/05/04 14:39:43.191, 113.74 W, 1980 MHz, 1593 MHz, 22
2026/05/04 14:39:43.392, 113.79 W, 1980 MHz, 1593 MHz, 22
2026/05/04 14:39:43.592, 113.82 W, 1980 MHz, 1593 MHz, 22
2026/05/04 14:39:43.792, 113.72 W, 1980 MHz, 1593 MHz, 22
2026/05/04 14:39:43.992, 113.73 W, 1980 MHz, 1593 MHz, 22
2026/05/04 14:39:44.192, 113.74 W, 1980 MHz, 1593 MHz, 22
2026/05/04 14:39:44.392, 113.70 W, 1980 MHz, 1593 MHz, 22
2026/05/04 14:39:44.592, 113.75 W, 1980 MHz, 1593 MHz, 22
2026/05/04 14:39:44.792, 113.72 W, 1980 MHz, 1593 MHz, 22
2026/05/04 14:39:44.992, 113.70 W, 1980 MHz, 1593 MHz, 22
2026/05/04 14:39:45.192, 113.82 W, 1980 MHz, 1593 MHz, 22
2026/05/04 14:39:45.392, 113.82 W, 1980 MHz, 1593 MHz, 22
2026/05/04 14:39:45.592, 114.35 W, 1980 MHz, 1593 MHz, 22
2026/05/04 14:39:45.792, 115.66 W, 1980 MHz, 1593 MHz, 22
2026/05/04 14:39:45.993, 121.21 W, 1980 MHz, 1593 MHz, 25
2026/05/04 14:39:46.193, 189.72 W, 1980 MHz, 1593 MHz, 28
2026/05/04 14:39:46.393, 222.95 W, 1980 MHz, 1593 MHz, 28
2026/05/04 14:39:46.593, 233.64 W, 1980 MHz, 1593 MHz, 25
2026/05/04 14:39:46.793, 236.17 W, 1980 MHz, 1593 MHz, 24
2026/05/04 14:39:46.993, 259.21 W, 1980 MHz, 1593 MHz, 29
2026/05/04 14:39:47.193, 268.98 W, 1980 MHz, 1593 MHz, 30
2026/05/04 14:39:47.393, 242.61 W, 1980 MHz, 1593 MHz, 27
2026/05/04 14:39:47.593, 251.04 W, 1980 MHz, 1593 MHz, 26
2026/05/04 14:39:47.793, 307.74 W, 1980 MHz, 1593 MHz, 29
2026/05/04 14:39:47.993, 298.80 W, 1980 MHz, 1593 MHz, 26
2026/05/04 14:39:48.193, 236.46 W, 1980 MHz, 1593 MHz, 28
2026/05/04 14:39:48.393, 257.53 W, 1980 MHz, 1593 MHz, 29
2026/05/04 14:39:48.593, 293.72 W, 1980 MHz, 1593 MHz, 30
2026/05/04 14:39:48.793, 285.03 W, 1980 MHz, 1593 MHz, 30
2026/05/04 14:39:48.993, 273.07 W, 1980 MHz, 1593 MHz, 26
2026/05/04 14:39:49.194, 269.08 W, 1980 MHz, 1593 MHz, 25
2026/05/04 14:39:49.394, 206.85 W, 1980 MHz, 1593 MHz, 25
2026/05/04 14:39:49.594, 166.34 W, 1980 MHz, 1593 MHz, 24
2026/05/04 14:39:49.794, 119.30 W, 1980 MHz, 1593 MHz, 24
2026/05/04 14:39:49.994, 117.22 W, 1980 MHz, 1593 MHz, 24
2026/05/04 14:39:50.194, 115.48 W, 1980 MHz, 1593 MHz, 23
2026/05/04 14:39:50.394, 114.58 W, 1980 MHz, 1593 MHz, 23
2026/05/04 14:39:50.594, 114.38 W, 1980 MHz, 1593 MHz, 23
2026/05/04 14:39:50.794, 114.29 W, 1980 MHz, 1593 MHz, 23
2026/05/04 14:39:50.994, 114.26 W, 1980 MHz, 1593 MHz, 23
2026/05/04 14:39:51.194, 114.15 W, 1980 MHz, 1593 MHz, 23
2026/05/04 14:39:51.394, 114.10 W, 1980 MHz, 1593 MHz, 23
2026/05/04 14:39:51.594, 114.11 W, 1980 MHz, 1593 MHz, 23
2026/05/04 14:39:51.794, 114.03 W, 1980 MHz, 1593 MHz, 23
2026/05/04 14:39:51.994, 113.99 W, 1980 MHz, 1593 MHz, 23
2026/05/04 14:39:52.195, 114.04 W, 1980 MHz, 1593 MHz, 22
2026/05/04 14:39:52.395, 113.99 W, 1980 MHz, 1593 MHz, 22
2026/05/04 14:39:52.595, 113.96 W, 1980 MHz, 1593 MHz, 22
2026/05/04 14:39:52.795, 113.99 W, 1980 MHz, 1593 MHz, 22
2026/05/04 14:39:52.995, 113.96 W, 1980 MHz, 1593 MHz, 22
2026/05/04 14:39:53.195, 113.88 W, 1980 MHz, 1593 MHz, 22
2026/05/04 14:39:53.395, 113.92 W, 1980 MHz, 1593 MHz, 22
2026/05/04 14:39:53.595, 113.93 W, 1980 MHz, 1593 MHz, 22
2026/05/04 14:39:53.795, 113.83 W, 1980 MHz, 1593 MHz, 22
2026/05/04 14:39:53.995, 113.87 W, 1980 MHz, 1593 MHz, 22
2026/05/04 14:39:54.195, 113.89 W, 1980 MHz, 1593 MHz, 22
2026/05/04 14:39:54.395, 113.85 W, 1980 MHz, 1593 MHz, 22
2026/05/04 14:39:54.595, 113.81 W, 1980 MHz, 1593 MHz, 22
2026/05/04 14:39:54.795, 113.86 W, 1980 MHz, 1593 MHz, 22
2026/05/04 14:39:54.995, 113.84 W, 1980 MHz, 1593 MHz, 22
2026/05/04 14:39:55.196, 113.79 W, 1980 MHz, 1593 MHz, 22
2026/05/04 14:39:55.396, 113.82 W, 1980 MHz, 1593 MHz, 22
2026/05/04 14:39:55.596, 113.82 W, 1980 MHz, 1593 MHz, 22
2026/05/04 14:39:55.796, 113.79 W, 1980 MHz, 1593 MHz, 22
2026/05/04 14:39:55.996, 113.82 W, 1980 MHz, 1593 MHz, 22
2026/05/04 14:39:56.196, 113.75 W, 1980 MHz, 1593 MHz, 22
2026/05/04 14:39:56.396, 113.75 W, 1980 MHz, 1593 MHz, 22
2026/05/04 14:39:56.596, 113.79 W, 1980 MHz, 1593 MHz, 22
2026/05/04 14:39:56.796, 113.79 W, 1980 MHz, 1593 MHz, 22
2026/05/04 14:39:56.996, 113.76 W, 1980 MHz, 1593 MHz, 22
2026/05/04 14:39:57.196, 113.85 W, 1980 MHz, 1593 MHz, 22
2026/05/04 14:39:57.396, 113.87 W, 1980 MHz, 1593 MHz, 22
2026/05/04 14:39:57.596, 113.81 W, 1980 MHz, 1593 MHz, 22
2026/05/04 14:39:57.796, 113.85 W, 1980 MHz, 1593 MHz, 22
2026/05/04 14:39:57.996, 113.89 W, 1980 MHz, 1593 MHz, 22
2026/05/04 14:39:58.196, 113.83 W, 1980 MHz, 1593 MHz, 22
2026/05/04 14:39:58.397, 113.85 W, 1980 MHz, 1593 MHz, 22
2026/05/04 14:39:58.597, 113.91 W, 1980 MHz, 1593 MHz, 22
2026/05/04 14:39:58.797, 113.86 W, 1980 MHz, 1593 MHz, 22
2026/05/04 14:39:58.997, 113.85 W, 1980 MHz, 1593 MHz, 22
2026/05/04 14:39:59.197, 113.90 W, 1980 MHz, 1593 MHz, 22
2026/05/04 14:39:59.397, 113.94 W, 1980 MHz, 1593 MHz, 22
2026/05/04 14:39:59.597, 113.87 W, 1980 MHz, 1593 MHz, 22
2026/05/04 14:39:59.797, 114.08 W, 1980 MHz, 1593 MHz, 22
2026/05/04 14:39:59.997, 115.35 W, 1980 MHz, 1593 MHz, 22
2026/05/04 14:40:00.197, 116.52 W, 1980 MHz, 1593 MHz, 22
2026/05/04 14:40:00.397, 129.64 W, 1980 MHz, 1593 MHz, 26
2026/05/04 14:40:00.597, 195.11 W, 1980 MHz, 1593 MHz, 28
2026/05/04 14:40:00.797, 234.37 W, 1980 MHz, 1593 MHz, 25
2026/05/04 14:40:00.997, 232.62 W, 1980 MHz, 1593 MHz, 24
2026/05/04 14:40:01.198, 233.06 W, 1980 MHz, 1593 MHz, 26
2026/05/04 14:40:01.398, 271.30 W, 1980 MHz, 1593 MHz, 30
2026/05/04 14:40:01.598, 265.82 W, 1980 MHz, 1593 MHz, 30
2026/05/04 14:40:01.798, 236.74 W, 1980 MHz, 1593 MHz, 26
2026/05/04 14:40:01.998, 281.38 W, 1980 MHz, 1593 MHz, 28
2026/05/04 14:40:02.198, 313.98 W, 1980 MHz, 1593 MHz, 28
2026/05/04 14:40:02.398, 280.60 W, 1980 MHz, 1593 MHz, 25
2026/05/04 14:40:02.598, 232.18 W, 1980 MHz, 1593 MHz, 29
2026/05/04 14:40:02.798, 277.94 W, 1980 MHz, 1593 MHz, 29
2026/05/04 14:40:02.998, 296.62 W, 1980 MHz, 1593 MHz, 31
2026/05/04 14:40:03.198, 273.46 W, 1980 MHz, 1593 MHz, 28
2026/05/04 14:40:03.398, 273.33 W, 1980 MHz, 1593 MHz, 26
2026/05/04 14:40:03.598, 259.89 W, 1980 MHz, 1593 MHz, 25
2026/05/04 14:40:03.798, 208.45 W, 1980 MHz, 1593 MHz, 24
2026/05/04 14:40:03.998, 167.62 W, 1980 MHz, 1593 MHz, 24
2026/05/04 14:40:04.199, 119.11 W, 1980 MHz, 1593 MHz, 24
2026/05/04 14:40:04.399, 116.88 W, 1980 MHz, 1593 MHz, 24
2026/05/04 14:40:04.599, 115.26 W, 1980 MHz, 1593 MHz, 23
2026/05/04 14:40:04.799, 114.53 W, 1980 MHz, 1593 MHz, 23
2026/05/04 14:40:04.999, 114.42 W, 1980 MHz, 1593 MHz, 23
2026/05/04 14:40:05.199, 114.31 W, 1980 MHz, 1593 MHz, 23
2026/05/04 14:40:05.399, 114.24 W, 1980 MHz, 1593 MHz, 23
2026/05/04 14:40:05.599, 114.23 W, 1980 MHz, 1593 MHz, 23
2026/05/04 14:40:05.799, 114.15 W, 1980 MHz, 1593 MHz, 23
2026/05/04 14:40:05.999, 114.11 W, 1980 MHz, 1593 MHz, 23
2026/05/04 14:40:06.199, 114.11 W, 1980 MHz, 1593 MHz, 23
2026/05/04 14:40:06.399, 114.04 W, 1980 MHz, 1593 MHz, 23
2026/05/04 14:40:06.599, 114.05 W, 1980 MHz, 1593 MHz, 23
2026/05/04 14:40:06.799, 114.03 W, 1980 MHz, 1593 MHz, 23
2026/05/04 14:40:06.999, 113.97 W, 1980 MHz, 1593 MHz, 23
2026/05/04 14:40:07.200, 113.98 W, 1980 MHz, 1593 MHz, 22
2026/05/04 14:40:07.400, 114.02 W, 1980 MHz, 1593 MHz, 22
2026/05/04 14:40:07.600, 113.99 W, 1980 MHz, 1593 MHz, 22
2026/05/04 14:40:07.800, 113.97 W, 1980 MHz, 1593 MHz, 22
2026/05/04 14:40:08.000, 114.00 W, 1980 MHz, 1593 MHz, 22
2026/05/04 14:40:08.200, 113.97 W, 1980 MHz, 1593 MHz, 22
2026/05/04 14:40:08.400, 113.91 W, 1980 MHz, 1593 MHz, 22
2026/05/04 14:40:08.600, 114.18 W, 1980 MHz, 1593 MHz, 22
2026/05/04 14:40:08.800, 115.51 W, 1980 MHz, 1593 MHz, 22
2026/05/04 14:40:09.000, 116.59 W, 1980 MHz, 1593 MHz, 22
2026/05/04 14:40:09.200, 116.68 W, 1980 MHz, 1593 MHz, 22
2026/05/04 14:40:09.400, 116.66 W, 1980 MHz, 1593 MHz, 22
2026/05/04 14:40:09.600, 116.43 W, 1980 MHz, 1593 MHz, 22
2026/05/04 14:40:09.800, 115.02 W, 1980 MHz, 1593 MHz, 22
2026/05/04 14:40:10.000, 113.99 W, 1980 MHz, 1593 MHz, 22
2026/05/04 14:40:10.201, 113.94 W, 1980 MHz, 1593 MHz, 22
2026/05/04 14:40:10.401, 113.91 W, 1980 MHz, 1593 MHz, 22
2026/05/04 14:40:10.601, 113.93 W, 1980 MHz, 1593 MHz, 22
2026/05/04 14:40:10.801, 113.91 W, 1980 MHz, 1593 MHz, 22
2026/05/04 14:40:11.001, 113.89 W, 1980 MHz, 1593 MHz, 22
2026/05/04 14:40:11.201, 113.94 W, 1980 MHz, 1593 MHz, 22
2026/05/04 14:40:11.401, 113.91 W, 1980 MHz, 1593 MHz, 22
2026/05/04 14:40:11.601, 113.93 W, 1980 MHz, 1593 MHz, 22
2026/05/04 14:40:11.801, 113.98 W, 1980 MHz, 1593 MHz, 22
2026/05/04 14:40:12.001, 113.93 W, 1980 MHz, 1593 MHz, 22
2026/05/04 14:40:12.201, 113.91 W, 1980 MHz, 1593 MHz, 22
2026/05/04 14:40:12.401, 113.90 W, 1980 MHz, 1593 MHz, 22
2026/05/04 14:40:12.601, 113.90 W, 1980 MHz, 1593 MHz, 22
2026/05/04 14:40:12.801, 113.88 W, 1980 MHz, 1593 MHz, 22
2026/05/04 14:40:13.001, 113.90 W, 1980 MHz, 1593 MHz, 22
2026/05/04 14:40:13.202, 113.90 W, 1980 MHz, 1593 MHz, 22
2026/05/04 14:40:13.402, 113.89 W, 1980 MHz, 1593 MHz, 22
2026/05/04 14:40:13.602, 113.88 W, 1980 MHz, 1593 MHz, 22
2026/05/04 14:40:13.802, 113.90 W, 1980 MHz, 1593 MHz, 22
2026/05/04 14:40:14.002, 113.88 W, 1980 MHz, 1593 MHz, 22
2026/05/04 14:40:14.202, 113.90 W, 1980 MHz, 1593 MHz, 22
2026/05/04 14:40:14.402, 113.92 W, 1980 MHz, 1593 MHz, 22
2026/05/04 14:40:14.602, 113.91 W, 1980 MHz, 1593 MHz, 22
2026/05/04 14:40:14.802, 113.89 W, 1980 MHz, 1593 MHz, 22
2026/05/04 14:40:15.002, 113.91 W, 1980 MHz, 1593 MHz, 22
2026/05/04 14:40:15.202, 113.91 W, 1980 MHz, 1593 MHz, 22
2026/05/04 14:40:15.402, 113.86 W, 1980 MHz, 1593 MHz, 22
2026/05/04 14:40:15.602, 113.87 W, 1980 MHz, 1593 MHz, 22
2026/05/04 14:40:15.802, 113.89 W, 1980 MHz, 1593 MHz, 22
2026/05/04 14:40:16.003, 113.86 W, 1980 MHz, 1593 MHz, 22
2026/05/04 14:40:16.203, 113.88 W, 1980 MHz, 1593 MHz, 22
2026/05/04 14:40:16.403, 113.90 W, 1980 MHz, 1593 MHz, 22
2026/05/04 14:40:16.603, 113.88 W, 1980 MHz, 1593 MHz, 22
2026/05/04 14:40:16.803, 113.91 W, 1980 MHz, 1593 MHz, 22
2026/05/04 14:40:17.003, 113.89 W, 1980 MHz, 1593 MHz, 22
2026/05/04 14:40:17.203, 113.83 W, 1980 MHz, 1593 MHz, 22
2026/05/04 14:40:17.403, 113.88 W, 1980 MHz, 1593 MHz, 22
2026/05/04 14:40:17.603, 113.86 W, 1980 MHz, 1593 MHz, 22
2026/05/04 14:40:17.803, 113.81 W, 1980 MHz, 1593 MHz, 22
2026/05/04 14:40:18.003, 113.85 W, 1980 MHz, 1593 MHz, 22
2026/05/04 14:40:18.203, 113.89 W, 1980 MHz, 1593 MHz, 22
2026/05/04 14:40:18.403, 113.83 W, 1980 MHz, 1593 MHz, 22
2026/05/04 14:40:18.603, 113.84 W, 1980 MHz, 1593 MHz, 22
2026/05/04 14:40:18.803, 113.88 W, 1980 MHz, 1593 MHz, 22
2026/05/04 14:40:19.004, 113.88 W, 1980 MHz, 1593 MHz, 22
2026/05/04 14:40:19.204, 113.85 W, 1980 MHz, 1593 MHz, 22
2026/05/04 14:40:19.404, 113.88 W, 1980 MHz, 1593 MHz, 22
2026/05/04 14:40:19.604, 113.88 W, 1980 MHz, 1593 MHz, 22
2026/05/04 14:40:19.804, 113.85 W, 1980 MHz, 1593 MHz, 22
2026/05/04 14:40:20.004, 113.85 W, 1980 MHz, 1593 MHz, 22
2026/05/04 14:40:20.204, 113.86 W, 1980 MHz, 1593 MHz, 22
2026/05/04 14:40:20.404, 113.83 W, 1980 MHz, 1593 MHz, 22
2026/05/04 14:40:20.604, 113.82 W, 1980 MHz, 1593 MHz, 22
2026/05/04 14:40:20.804, 113.86 W, 1980 MHz, 1593 MHz, 22
2026/05/04 14:40:21.004, 114.09 W, 1980 MHz, 1593 MHz, 22
2026/05/04 14:40:21.204, 114.06 W, 1980 MHz, 1593 MHz, 22
2026/05/04 14:40:21.404, 114.07 W, 1980 MHz, 1593 MHz, 22
2026/05/04 14:40:21.604, 114.06 W, 1980 MHz, 1593 MHz, 22
2026/05/04 14:40:21.804, 114.00 W, 1980 MHz, 1593 MHz, 22
2026/05/04 14:40:22.005, 113.79 W, 1980 MHz, 1593 MHz, 22
2026/05/04 14:40:22.205, 113.75 W, 1980 MHz, 1593 MHz, 22
2026/05/04 14:40:22.405, 113.76 W, 1980 MHz, 1593 MHz, 22
2026/05/04 14:40:22.605, 113.79 W, 1980 MHz, 1593 MHz, 22
2026/05/04 14:40:22.805, 113.76 W, 1980 MHz, 1593 MHz, 22
2026/05/04 14:40:23.005, 113.87 W, 1980 MHz, 1593 MHz, 22
2026/05/04 14:40:23.205, 114.05 W, 1980 MHz, 1593 MHz, 22
2026/05/04 14:40:23.405, 114.03 W, 1980 MHz, 1593 MHz, 22
2026/05/04 14:40:23.605, 114.00 W, 1980 MHz, 1593 MHz, 22
2026/05/04 14:40:23.805, 114.02 W, 1980 MHz, 1593 MHz, 22
2026/05/04 14:40:24.005, 113.82 W, 1980 MHz, 1593 MHz, 22
2026/05/04 14:40:24.205, 113.75 W, 1980 MHz, 1593 MHz, 22
2026/05/04 14:40:24.405, 113.79 W, 1980 MHz, 1593 MHz, 22
2026/05/04 14:40:24.605, 113.78 W, 1980 MHz, 1593 MHz, 22
2026/05/04 14:40:24.805, 113.76 W, 1980 MHz, 1593 MHz, 22
2026/05/04 14:40:25.005, 113.75 W, 1980 MHz, 1593 MHz, 22
2026/05/04 14:40:25.206, 113.77 W, 1980 MHz, 1593 MHz, 22
2026/05/04 14:40:25.406, 113.75 W, 1980 MHz, 1593 MHz, 22
2026/05/04 14:40:25.606, 113.73 W, 1980 MHz, 1593 MHz, 22
2026/05/04 14:40:25.806, 114.56 W, 1980 MHz, 1593 MHz, 22
2026/05/04 14:40:26.006, 115.50 W, 1980 MHz, 1593 MHz, 22
2026/05/04 14:40:26.206, 116.32 W, 1980 MHz, 1593 MHz, 22
2026/05/04 14:40:26.406, 117.17 W, 1980 MHz, 1593 MHz, 22
2026/05/04 14:40:26.606, 118.10 W, 1980 MHz, 1593 MHz, 22
2026/05/04 14:40:26.806, 117.98 W, 1980 MHz, 1593 MHz, 22
2026/05/04 14:40:27.006, 118.01 W, 1980 MHz, 1593 MHz, 22
2026/05/04 14:40:27.206, 117.98 W, 1980 MHz, 1593 MHz, 22
2026/05/04 14:40:27.406, 117.98 W, 1980 MHz, 1593 MHz, 22
2026/05/04 14:40:27.606, 117.94 W, 1980 MHz, 1593 MHz, 22
2026/05/04 14:40:27.806, 117.90 W, 1980 MHz, 1593 MHz, 22
